EPOCH__yyyy-mm-ddThh:mm:ss.sssZ,<|B|>__nT,BX_(GSM)_(@_x_component_)_nT,BY_(GSM)_(@_y_component_)_nT,BZ_(GSM)_(@_z_component_)_nT
2000-11-19T00:00:03.000Z,7.78900,-4.70000,3.97700,-4.75000
2000-11-19T00:00:19.000Z,7.92700,-4.99700,4.51700,-4.16700
2000-11-19T00:00:35.000Z,7.89500,-4.85800,4.28400,-4.50700
2000-11-19T00:00:51.000Z,7.87100,-4.78100,3.86100,-4.89200
2000-11-19T00:01:07.000Z,7.81500,-4.60800,4.50700,-4.30200
2000-11-19T00:01:23.000Z,7.83700,-4.31400,5.13200,-4.04000
2000-11-19T00:01:39.000Z,7.80900,-4.50600,4.72000,-4.28300
2000-11-19T00:01:55.000Z,7.80400,-4.50400,4.93600,-3.99300
2000-11-19T00:02:11.000Z,7.89200,-4.85000,4.03900,-4.71500
2000-11-19T00:02:27.000Z,7.87900,-5.38100,3.35800,-4.63500
2000-11-19T00:02:43.000Z,7.83900,-5.48200,2.33700,-5.06000
2000-11-19T00:02:59.000Z,7.94400,-5.39800,2.00900,-5.45100
2000-11-19T00:03:15.000Z,7.93400,-5.35200,1.48100,-5.65800
2000-11-19T00:03:31.000Z,7.92800,-5.22700,3.12800,-5.04000
2000-11-19T00:03:47.000Z,7.94000,-5.02600,4.19800,-4.46500
2000-11-19T00:04:03.000Z,7.92000,-3.76000,6.13900,-2.93900
2000-11-19T00:04:19.000Z,7.98900,-1.21200,7.81000,0.458000
2000-11-19T00:04:35.000Z,7.96200,-0.326000,7.88400,0.950000
2000-11-19T00:04:51.000Z,8.06100,-0.475000,7.95400,1.14400
2000-11-19T00:05:07.000Z,8.11600,0.0160000,7.90800,1.80900
2000-11-19T00:05:23.000Z,8.10100,0.00000,7.86400,1.93100
2000-11-19T00:05:39.000Z,8.09500,0.321000,7.83200,1.99200
2000-11-19T00:05:55.000Z,8.11300,0.573000,7.78700,2.16600
2000-11-19T00:06:11.000Z,8.13900,0.104000,7.92000,1.85300
2000-11-19T00:06:27.000Z,8.06900,0.0270000,7.91100,1.47400
2000-11-19T00:06:43.000Z,8.03500,-0.164000,7.93000,1.27100
2000-11-19T00:06:59.000Z,8.06900,-0.121000,7.97300,1.23000
2000-11-19T00:07:15.000Z,8.06600,-0.201000,7.98000,1.13700
2000-11-19T00:07:31.000Z,8.04400,-0.227000,7.96500,1.09300
2000-11-19T00:07:47.000Z,7.92500,-0.612000,7.83700,0.833000
2000-11-19T00:08:03.000Z,7.91000,-1.05100,7.82900,0.0950000
2000-11-19T00:08:19.000Z,7.80200,-0.887000,7.73600,0.435000
2000-11-19T00:08:35.000Z,7.83300,-1.23200,7.63200,1.12400
2000-11-19T00:08:51.000Z,7.92200,-1.10100,7.81300,0.654000
2000-11-19T00:09:07.000Z,7.87900,-1.11000,7.75400,0.824000
2000-11-19T00:09:23.000Z,7.96200,-1.17100,7.85100,0.575000
2000-11-19T00:09:39.000Z,7.92900,-1.37900,7.78800,0.493000
2000-11-19T00:09:55.000Z,7.91600,-1.15700,7.79500,0.683000
2000-11-19T00:10:11.000Z,7.92000,-1.40900,7.74300,0.835000
2000-11-19T00:10:27.000Z,7.86800,-1.39700,7.65700,0.863000
2000-11-19T00:10:43.000Z,7.73800,-1.38200,7.59200,-0.430000
2000-11-19T00:10:59.000Z,7.69200,-1.12200,7.56000,-0.783000
2000-11-19T00:11:15.000Z,7.73600,-1.25500,7.57700,-0.573000
2000-11-19T00:11:31.000Z,7.76700,-2.33500,7.37400,0.218000
2000-11-19T00:11:47.000Z,7.92200,-0.658000,7.67200,-1.50200
2000-11-19T00:12:03.000Z,7.77800,-0.331000,7.63900,-1.22300
2000-11-19T00:12:19.000Z,7.87000,-0.214000,7.81500,-0.590000
2000-11-19T00:12:35.000Z,7.94600,0.524000,7.71300,-1.78100
2000-11-19T00:12:51.000Z,7.72000,-1.15100,7.59900,-0.331000
2000-11-19T00:13:07.000Z,7.75300,-1.11600,7.66300,-0.157000
2000-11-19T00:13:23.000Z,7.74600,-1.14800,7.64600,-0.210000
2000-11-19T00:13:39.000Z,7.76400,-1.21300,7.66100,-0.164000
2000-11-19T00:13:55.000Z,7.70200,-1.13500,7.60800,-0.337000
2000-11-19T00:14:11.000Z,7.79200,-1.08800,7.70700,-0.272000
2000-11-19T00:14:27.000Z,7.91700,-0.624000,7.88600,0.184000
2000-11-19T00:14:43.000Z,7.92600,-0.796000,7.83800,-0.202000
2000-11-19T00:14:59.000Z,7.69900,-3.23900,6.82600,-1.45800
2000-11-19T00:15:15.000Z,7.79000,-3.26200,7.04900,-0.524000
2000-11-19T00:15:31.000Z,7.74900,-3.06100,7.07200,-0.756000
2000-11-19T00:15:47.000Z,7.75700,-2.55600,7.30700,-0.431000
2000-11-19T00:16:03.000Z,7.73300,-2.32500,7.30000,-1.01300
2000-11-19T00:16:19.000Z,7.80000,-1.60200,7.58700,-0.496000
2000-11-19T00:16:35.000Z,7.82300,-0.822000,7.77000,0.336000
2000-11-19T00:16:51.000Z,7.81600,-1.71800,7.62100,-0.0300000
2000-11-19T00:17:07.000Z,7.84500,-1.36700,7.69600,0.351000
2000-11-19T00:17:23.000Z,7.83700,-1.56200,7.66900,-0.0170000
2000-11-19T00:17:39.000Z,7.74400,-1.64100,7.54200,-0.0220000
2000-11-19T00:17:55.000Z,7.71700,-2.10900,7.38300,-0.636000
2000-11-19T00:18:11.000Z,7.72600,-1.93400,7.46400,-0.169000
2000-11-19T00:18:27.000Z,7.69200,-2.00500,7.41400,0.0830000
2000-11-19T00:18:43.000Z,7.71200,-1.88000,7.47700,0.0780000
2000-11-19T00:18:59.000Z,7.68000,-1.81800,7.45100,-0.165000
2000-11-19T00:19:15.000Z,7.70500,-1.80300,7.47200,0.285000
2000-11-19T00:19:31.000Z,7.69200,-1.35800,7.55200,-0.0690000
2000-11-19T00:19:47.000Z,7.71000,-1.16300,7.61200,-0.216000
2000-11-19T00:20:03.000Z,7.71500,-1.64800,7.53000,0.0680000
2000-11-19T00:20:19.000Z,7.72600,-1.65000,7.53900,0.111000
2000-11-19T00:20:35.000Z,7.79000,-1.16100,7.69600,0.212000
2000-11-19T00:20:51.000Z,7.76500,-1.14000,7.67700,0.199000
2000-11-19T00:21:07.000Z,7.75300,-0.909000,7.69100,0.263000
2000-11-19T00:21:23.000Z,7.79200,-1.55400,7.55000,1.10500
2000-11-19T00:21:39.000Z,7.75100,-1.93000,7.38800,1.26000
2000-11-19T00:21:55.000Z,7.72500,-1.39900,7.49200,1.09600
2000-11-19T00:22:11.000Z,7.77600,-0.763000,7.65900,1.08100
2000-11-19T00:22:27.000Z,7.78100,-0.495000,7.69300,1.00600
2000-11-19T00:22:43.000Z,7.76000,-0.0430000,7.64800,1.29900
2000-11-19T00:22:59.000Z,7.77700,-0.381000,7.71300,0.847000
2000-11-19T00:23:15.000Z,7.77100,-0.617000,7.73300,0.347000
2000-11-19T00:23:31.000Z,7.72100,-1.01600,7.62900,0.358000
2000-11-19T00:23:47.000Z,7.71600,-1.15700,7.52900,1.05700
2000-11-19T00:24:03.000Z,7.75600,-1.61400,7.50800,0.851000
2000-11-19T00:24:19.000Z,7.72200,-0.652000,7.66400,0.240000
2000-11-19T00:24:35.000Z,7.72500,-0.528000,7.69000,0.241000
2000-11-19T00:24:51.000Z,7.74100,-0.739000,7.69900,0.266000
2000-11-19T00:25:07.000Z,7.72100,-0.956000,7.65600,0.207000
2000-11-19T00:25:23.000Z,7.76400,-0.927000,7.70000,0.106000
2000-11-19T00:25:39.000Z,7.76100,-0.886000,7.64700,0.323000
2000-11-19T00:25:55.000Z,7.70300,-0.233000,7.68300,0.346000
2000-11-19T00:26:11.000Z,7.71600,-0.404000,7.69700,0.281000
2000-11-19T00:26:27.000Z,7.74100,-0.528000,7.70500,0.454000
2000-11-19T00:26:43.000Z,7.67100,-1.25400,7.53500,0.455000
2000-11-19T00:26:59.000Z,7.73400,-1.24500,7.60100,0.652000
2000-11-19T00:27:15.000Z,7.72300,-1.22500,7.59000,0.685000
2000-11-19T00:27:31.000Z,7.69400,-1.07200,7.59700,0.458000
2000-11-19T00:27:47.000Z,7.72400,-0.548000,7.69100,-0.208000
2000-11-19T00:28:03.000Z,7.69900,-0.338000,7.68200,-0.272000
2000-11-19T00:28:19.000Z,7.72600,-0.194000,7.71800,-0.168000
2000-11-19T00:28:35.000Z,7.72300,-0.442000,7.70400,-0.157000
2000-11-19T00:28:51.000Z,7.69400,-0.548000,7.67000,0.211000
2000-11-19T00:29:07.000Z,7.68700,-0.443000,7.66600,-0.0130000
2000-11-19T00:29:23.000Z,7.64300,-0.113000,7.63900,-0.136000
2000-11-19T00:29:39.000Z,7.66400,-0.621000,7.62800,-0.171000
2000-11-19T00:29:55.000Z,7.68700,-0.364000,7.67500,-0.116000
2000-11-19T00:30:11.000Z,7.70100,-0.385000,7.67100,-0.512000
2000-11-19T00:30:27.000Z,7.66500,-0.246000,7.64900,-0.353000
2000-11-19T00:30:43.000Z,7.66200,-0.276000,7.65400,-0.0320000
2000-11-19T00:30:59.000Z,7.63500,-1.76900,7.34000,0.923000
2000-11-19T00:31:15.000Z,7.61600,-1.94900,7.25900,1.09400
2000-11-19T00:31:31.000Z,7.54400,-1.34800,7.40400,0.477000
2000-11-19T00:31:47.000Z,7.57600,-1.24800,7.44800,0.520000
2000-11-19T00:32:03.000Z,7.60000,-0.910000,7.51900,0.556000
2000-11-19T00:32:19.000Z,7.62100,-0.816000,7.57500,0.143000
2000-11-19T00:32:35.000Z,7.61300,-0.850000,7.55700,-0.225000
2000-11-19T00:32:51.000Z,7.57700,-1.12400,7.49100,-0.117000
2000-11-19T00:33:07.000Z,7.59400,-1.46000,7.43400,-0.345000
2000-11-19T00:33:23.000Z,7.65600,-1.56700,7.47500,0.243000
2000-11-19T00:33:39.000Z,7.63100,-1.54800,7.44900,0.485000
2000-11-19T00:33:55.000Z,7.55200,-1.41900,7.35500,0.777000
2000-11-19T00:34:11.000Z,7.58400,-0.974000,7.51100,-0.333000
2000-11-19T00:34:27.000Z,7.50700,-1.15400,7.40600,0.159000
2000-11-19T00:34:43.000Z,7.55500,-0.958000,7.47900,-0.377000
2000-11-19T00:34:59.000Z,7.48300,-2.66400,6.81100,1.26500
2000-11-19T00:35:15.000Z,7.51300,-2.24200,6.93700,1.39100
2000-11-19T00:35:31.000Z,7.54000,-1.14500,7.44500,0.0860000
2000-11-19T00:35:47.000Z,7.54000,-1.22000,7.43400,-0.196000
2000-11-19T00:36:03.000Z,7.53800,-0.797000,7.45100,-0.647000
2000-11-19T00:36:19.000Z,7.51900,-0.714000,7.36100,-1.32500
2000-11-19T00:36:35.000Z,7.57700,-0.703000,7.47600,-0.228000
2000-11-19T00:36:51.000Z,7.59300,-0.850000,7.52300,-0.401000
2000-11-19T00:37:07.000Z,7.58900,-0.863000,7.53200,-0.242000
2000-11-19T00:37:23.000Z,7.53600,-0.399000,7.47500,-0.800000
2000-11-19T00:37:39.000Z,7.48900,-0.626000,7.43500,-0.342000
2000-11-19T00:37:55.000Z,7.49200,-0.509000,7.43800,-0.639000
2000-11-19T00:38:11.000Z,7.43600,-0.528000,7.37700,-0.712000
2000-11-19T00:38:27.000Z,7.45200,-0.667000,7.38700,-0.642000
2000-11-19T00:38:43.000Z,7.49600,-0.473000,7.45600,-0.509000
2000-11-19T00:38:59.000Z,7.46500,-1.25000,7.34500,-0.272000
2000-11-19T00:39:15.000Z,7.47800,-1.11600,7.37900,-0.339000
2000-11-19T00:39:31.000Z,7.44100,-1.23800,7.32000,-0.347000
2000-11-19T00:39:47.000Z,7.47800,-1.84400,7.21600,-0.556000
2000-11-19T00:40:03.000Z,7.46200,-1.18900,7.34000,-0.356000
2000-11-19T00:40:19.000Z,7.42600,-0.883000,7.33200,-0.638000
2000-11-19T00:40:35.000Z,7.45500,-1.13100,7.35500,-0.269000
2000-11-19T00:40:51.000Z,7.43100,-2.08200,6.95400,0.457000
2000-11-19T00:41:07.000Z,7.45700,-2.29000,7.03600,0.645000
2000-11-19T00:41:23.000Z,7.47600,-2.66300,6.89200,1.06800
2000-11-19T00:41:39.000Z,7.46300,-2.40900,6.99600,0.886000
2000-11-19T00:41:55.000Z,7.43200,-1.73900,7.20200,0.396000
2000-11-19T00:42:11.000Z,7.39600,-1.99800,7.04700,0.853000
2000-11-19T00:42:27.000Z,7.43500,-2.17500,6.93900,1.50100
2000-11-19T00:42:43.000Z,7.43800,-2.43800,6.83800,1.49800
2000-11-19T00:42:59.000Z,7.52300,-2.22900,7.09100,1.14200
2000-11-19T00:43:15.000Z,7.54700,-2.27600,7.09300,1.20300
2000-11-19T00:43:31.000Z,7.49500,-2.22400,7.02500,1.36100
2000-11-19T00:43:47.000Z,7.49800,-2.29800,7.01200,1.29700
2000-11-19T00:44:03.000Z,7.47100,-2.25300,7.02400,1.15100
2000-11-19T00:44:19.000Z,7.42400,-2.16500,7.00300,1.07900
2000-11-19T00:44:35.000Z,7.43500,-2.57300,6.64400,2.05600
2000-11-19T00:44:51.000Z,7.45900,-2.43600,6.69600,2.18900
2000-11-19T00:45:07.000Z,7.44200,-2.37800,6.73200,2.07900
2000-11-19T00:45:23.000Z,7.44800,-2.02000,6.93300,1.77700
2000-11-19T00:45:39.000Z,7.44700,-1.71200,7.11400,1.36600
2000-11-19T00:45:55.000Z,7.44600,-1.86300,7.05900,1.44500
2000-11-19T00:46:11.000Z,7.38300,-1.76600,7.06700,1.17900
2000-11-19T00:46:27.000Z,7.40300,-2.13300,6.93400,1.41500
2000-11-19T00:46:43.000Z,7.39600,-2.35400,6.82600,1.58500
2000-11-19T00:46:59.000Z,7.42700,-2.67400,6.72000,1.68200
2000-11-19T00:47:15.000Z,7.45000,-2.58900,6.74200,1.80500
2000-11-19T00:47:31.000Z,7.45400,-2.52400,6.78000,1.77200
2000-11-19T00:47:47.000Z,7.47000,-2.41000,6.86800,1.66900
2000-11-19T00:48:03.000Z,7.44800,-2.54500,6.72100,1.90800
2000-11-19T00:48:19.000Z,7.44300,-2.60700,6.70100,1.90900
2000-11-19T00:48:35.000Z,7.44800,-2.41900,6.68200,2.22500
2000-11-19T00:48:51.000Z,7.44900,-2.34900,6.68900,2.27400
2000-11-19T00:49:07.000Z,7.41700,-2.37900,6.75900,1.88600
2000-11-19T00:49:23.000Z,7.42400,-2.46700,6.74200,1.86100
2000-11-19T00:49:39.000Z,7.33100,-2.84200,6.47700,1.90800
2000-11-19T00:49:55.000Z,7.43200,-2.50900,6.72500,1.83300
2000-11-19T00:50:11.000Z,7.45600,-2.12700,6.90100,1.84600
2000-11-19T00:50:27.000Z,7.44100,-2.47300,6.78200,1.78800
2000-11-19T00:50:43.000Z,7.44100,-2.13800,6.98200,1.38800
2000-11-19T00:50:59.000Z,7.41600,-2.37600,6.82200,1.64300
2000-11-19T00:51:15.000Z,7.40700,-2.72700,6.55200,1.94000
2000-11-19T00:51:31.000Z,7.39800,-2.57000,6.73200,1.62300
2000-11-19T00:51:47.000Z,7.31500,-2.86100,6.44900,1.88400
2000-11-19T00:52:03.000Z,7.30400,-2.73300,6.47000,1.96400
2000-11-19T00:52:19.000Z,7.30900,-2.84500,6.59500,1.19200
2000-11-19T00:52:35.000Z,7.25100,-3.06700,6.33800,1.26800
2000-11-19T00:52:51.000Z,7.24800,-3.76400,5.68600,2.35800
2000-11-19T00:53:07.000Z,7.27400,-2.96100,5.62000,3.19500
2000-11-19T00:53:23.000Z,7.36400,-3.63900,5.34600,3.50400
2000-11-19T00:53:39.000Z,7.42300,-3.68900,5.64600,3.07300
2000-11-19T00:53:55.000Z,7.40800,-3.76000,5.61200,2.95200
2000-11-19T00:54:11.000Z,7.38400,-3.67900,5.60100,3.08300
2000-11-19T00:54:27.000Z,7.41900,-3.94100,5.30900,3.36000
2000-11-19T00:54:43.000Z,7.42400,-3.79700,5.29900,3.51900
2000-11-19T00:54:59.000Z,7.49300,-4.73800,4.61900,3.49200
2000-11-19T00:55:15.000Z,7.48100,-4.69900,4.96900,2.99600
2000-11-19T00:55:31.000Z,7.43100,-4.80500,4.70300,3.09500
2000-11-19T00:55:47.000Z,7.39100,-4.67500,4.93300,2.82000
2000-11-19T00:56:03.000Z,7.46000,-4.46900,5.26800,2.67600
2000-11-19T00:56:19.000Z,7.45400,-4.46800,5.00800,3.16900
2000-11-19T00:56:35.000Z,7.51900,-4.55600,4.88000,3.34500
2000-11-19T00:56:51.000Z,7.45500,-3.99700,5.91900,2.09300
2000-11-19T00:57:07.000Z,7.42100,-4.54000,5.21200,2.65400
2000-11-19T00:57:23.000Z,7.51800,-4.77500,4.99400,2.92200
2000-11-19T00:57:39.000Z,7.50400,-4.84500,4.77600,3.12400
2000-11-19T00:57:55.000Z,7.46100,-4.82900,5.02500,2.63600
2000-11-19T00:58:11.000Z,7.44000,-5.62600,3.45600,3.32800
2000-11-19T00:58:27.000Z,7.52600,-4.89200,4.61200,3.13300
2000-11-19T00:58:43.000Z,7.51600,-4.61900,4.67400,3.45200
2000-11-19T00:58:59.000Z,7.47600,-3.59800,5.16300,3.94700
2000-11-19T00:59:15.000Z,7.50100,-4.84400,4.39700,3.59900
2000-11-19T00:59:31.000Z,7.44900,-4.31400,5.47800,2.55900
2000-11-19T00:59:47.000Z,7.43300,-4.40500,5.52500,2.27500
2000-11-19T01:00:03.000Z,7.39400,-4.51400,5.21400,2.52900
2000-11-19T01:00:19.000Z,7.38900,-4.50200,4.54900,3.60400
2000-11-19T01:00:35.000Z,7.36100,-4.67500,4.67100,3.23200
2000-11-19T01:00:51.000Z,7.40400,-4.77900,4.81100,2.95600
2000-11-19T01:01:07.000Z,7.37800,-4.64800,5.01400,2.73100
2000-11-19T01:01:23.000Z,7.46800,-4.26200,4.15400,4.49700
2000-11-19T01:01:39.000Z,7.41800,-4.51000,4.60100,3.66100
2000-11-19T01:01:55.000Z,7.44600,-4.14900,5.41800,2.88700
2000-11-19T01:02:11.000Z,7.53400,-4.30900,5.26500,3.23100
2000-11-19T01:02:27.000Z,7.52800,-4.19600,5.48900,2.98600
2000-11-19T01:02:43.000Z,7.49800,-4.06300,5.59600,2.89300
2000-11-19T01:02:59.000Z,7.46100,-3.86600,5.73000,2.80200
2000-11-19T01:03:15.000Z,7.39800,-3.66400,5.88500,2.57700
2000-11-19T01:03:31.000Z,7.37800,-3.66500,5.92900,2.41400
2000-11-19T01:03:47.000Z,7.41200,-3.68000,5.91800,2.49700
2000-11-19T01:04:03.000Z,7.42500,-3.64200,5.97900,2.46200
2000-11-19T01:04:19.000Z,7.39500,-3.31200,6.05900,2.63700
2000-11-19T01:04:35.000Z,7.39200,-3.29100,6.04300,2.69000
2000-11-19T01:04:51.000Z,7.42000,-3.31200,6.14900,2.49800
2000-11-19T01:05:07.000Z,7.39100,-3.17000,6.28900,2.22500
2000-11-19T01:05:23.000Z,7.36200,-2.86400,6.46600,2.03300
2000-11-19T01:05:39.000Z,7.34200,-2.78900,6.48200,2.01900
2000-11-19T01:05:55.000Z,7.38500,-2.91400,6.43700,2.12100
2000-11-19T01:06:11.000Z,7.37000,-3.22100,5.89400,2.93900
2000-11-19T01:06:27.000Z,7.41500,-3.48700,5.47100,3.54700
2000-11-19T01:06:43.000Z,7.39400,-3.29400,5.71200,3.31200
2000-11-19T01:06:59.000Z,7.34300,-3.23500,5.63500,3.34200
2000-11-19T01:07:15.000Z,7.46500,-3.33700,5.52600,3.74500
2000-11-19T01:07:31.000Z,7.42100,-3.24700,5.83500,3.19800
2000-11-19T01:07:47.000Z,7.38600,-3.06100,5.75700,3.45900
2000-11-19T01:08:03.000Z,7.43500,-3.30500,5.74300,3.34100
2000-11-19T01:08:19.000Z,7.36000,-3.07700,5.93500,3.05800
2000-11-19T01:08:35.000Z,7.45900,-3.33500,5.76800,3.33200
2000-11-19T01:08:51.000Z,7.37700,-3.12300,5.82000,3.15900
2000-11-19T01:09:07.000Z,7.37900,-4.21600,4.94900,3.46700
2000-11-19T01:09:23.000Z,7.45600,-4.17600,5.37500,3.02200
2000-11-19T01:09:39.000Z,7.46700,-3.64200,5.68300,3.18100
2000-11-19T01:09:55.000Z,7.47400,-3.16100,5.92300,3.24400
2000-11-19T01:10:11.000Z,7.45900,-2.80800,6.06300,3.28700
2000-11-19T01:10:27.000Z,7.48800,-3.09300,5.81500,3.53900
2000-11-19T01:10:43.000Z,7.42000,-3.18700,5.68000,3.53800
2000-11-19T01:10:59.000Z,7.40300,-2.97300,5.56500,3.86600
2000-11-19T01:11:15.000Z,7.44400,-2.82500,5.64000,3.93600
2000-11-19T01:11:31.000Z,7.47100,-2.79700,5.86300,3.68700
2000-11-19T01:11:47.000Z,7.45900,-2.86800,5.80800,3.69500
2000-11-19T01:12:03.000Z,7.44000,-2.86200,5.76200,3.70300
2000-11-19T01:12:19.000Z,7.40500,-2.72100,5.66900,3.90600
2000-11-19T01:12:35.000Z,7.40300,-2.71800,5.57600,4.02800
2000-11-19T01:12:51.000Z,7.46400,-2.54800,5.46000,4.39000
2000-11-19T01:13:07.000Z,7.32700,-1.52200,4.55500,5.50700
2000-11-19T01:13:23.000Z,7.33900,-2.31400,4.91000,4.87900
2000-11-19T01:13:39.000Z,7.31800,-2.21000,5.48900,4.24700
2000-11-19T01:13:55.000Z,7.08200,-3.74100,5.54300,1.76600
2000-11-19T01:14:11.000Z,7.05500,-4.82200,5.00200,0.299000
2000-11-19T01:14:27.000Z,7.07200,-4.99900,4.72700,-1.26700
2000-11-19T01:14:43.000Z,7.01200,-5.24100,4.64900,0.0860000
2000-11-19T01:14:59.000Z,7.01600,-5.34900,4.45800,-0.726000
2000-11-19T01:15:15.000Z,7.07300,-5.47800,4.32500,-0.960000
2000-11-19T01:15:31.000Z,7.15100,-4.97600,5.00100,1.09600
2000-11-19T01:15:47.000Z,7.22800,-4.93500,4.93600,0.162000
2000-11-19T01:16:03.000Z,7.39800,-5.90000,3.91200,-2.04000
2000-11-19T01:16:19.000Z,7.38100,-5.88700,4.10500,-1.64100
2000-11-19T01:16:35.000Z,7.37500,-5.99200,3.98100,-1.54200
2000-11-19T01:16:51.000Z,7.43700,-5.67300,4.59700,-1.38500
2000-11-19T01:17:07.000Z,7.42300,-5.56800,4.70300,-1.36500
2000-11-19T01:17:23.000Z,7.38200,-5.55900,4.55300,-1.63400
2000-11-19T01:17:39.000Z,7.41400,-5.71700,4.53900,-1.26900
2000-11-19T01:17:55.000Z,7.39700,-5.06800,5.18500,-1.36700
2000-11-19T01:18:11.000Z,7.41100,-5.50800,4.92100,-0.356000
2000-11-19T01:18:27.000Z,7.41100,-5.53200,4.87500,-0.307000
2000-11-19T01:18:43.000Z,7.42600,-5.52200,4.89600,-0.750000
2000-11-19T01:18:59.000Z,7.39800,-5.44500,4.91100,-0.903000
2000-11-19T01:19:15.000Z,7.39100,-5.35400,5.02700,-0.794000
2000-11-19T01:19:31.000Z,7.42500,-5.35400,5.03300,-0.982000
2000-11-19T01:19:47.000Z,7.38800,-5.45500,4.87100,-0.984000
2000-11-19T01:20:03.000Z,7.42200,-5.63400,4.78600,-0.629000
2000-11-19T01:20:19.000Z,7.41200,-5.58600,4.78800,-0.885000
2000-11-19T01:20:35.000Z,7.43700,-5.58100,4.82900,-0.895000
2000-11-19T01:20:51.000Z,7.45900,-5.68700,4.82100,-0.0230000
2000-11-19T01:21:07.000Z,7.43000,-5.68900,4.77700,0.0950000
2000-11-19T01:21:23.000Z,7.42700,-5.71400,4.74200,0.0500000
2000-11-19T01:21:39.000Z,7.42700,-5.74400,4.70300,-0.108000
2000-11-19T01:21:55.000Z,7.43600,-5.85300,4.58300,0.0960000
2000-11-19T01:22:11.000Z,7.44500,-5.72400,4.73900,0.0830000
2000-11-19T01:22:27.000Z,7.47000,-5.36400,5.17500,-0.386000
2000-11-19T01:22:43.000Z,7.42100,-5.19800,5.18200,-1.00400
2000-11-19T01:22:59.000Z,7.44800,-5.36500,5.05700,-0.969000
2000-11-19T01:23:15.000Z,7.36700,-5.31400,5.05500,-0.642000
2000-11-19T01:23:31.000Z,7.33900,-5.59300,4.74100,-0.171000
2000-11-19T01:23:47.000Z,7.29600,-5.49800,4.78000,-0.281000
2000-11-19T01:24:03.000Z,7.36300,-5.46700,4.90200,-0.170000
2000-11-19T01:24:19.000Z,7.40300,-5.52500,4.92000,0.0360000
2000-11-19T01:24:35.000Z,7.42000,-5.48000,4.90700,-0.866000
2000-11-19T01:24:51.000Z,7.38200,-5.56000,4.60400,-1.52600
2000-11-19T01:25:07.000Z,7.34100,-5.52600,4.58700,-1.20700
2000-11-19T01:25:23.000Z,7.41600,-5.44800,4.90100,1.09700
2000-11-19T01:25:39.000Z,7.44300,-5.25500,5.24400,0.281000
2000-11-19T01:25:55.000Z,7.43200,-4.81300,5.64400,-0.255000
2000-11-19T01:26:11.000Z,7.41100,-5.15800,5.31700,-0.0170000
2000-11-19T01:26:27.000Z,7.40700,-5.26000,5.19800,0.208000
2000-11-19T01:26:43.000Z,7.43300,-5.80400,4.48500,1.17500
2000-11-19T01:26:59.000Z,7.41800,-5.93900,4.36000,0.783000
2000-11-19T01:27:15.000Z,7.41500,-5.59900,4.77200,0.889000
2000-11-19T01:27:31.000Z,7.37800,-5.90100,4.23400,1.24900
2000-11-19T01:27:47.000Z,7.36800,-5.58700,4.74900,0.569000
2000-11-19T01:28:03.000Z,7.41800,-5.43100,4.99100,0.692000
2000-11-19T01:28:19.000Z,7.37900,-5.48300,4.85200,0.862000
2000-11-19T01:28:35.000Z,7.39800,-5.93400,4.29000,0.996000
2000-11-19T01:28:51.000Z,7.42600,-5.76800,4.59300,0.855000
2000-11-19T01:29:07.000Z,7.39600,-5.56400,4.73600,1.03800
2000-11-19T01:29:23.000Z,7.40900,-5.44700,4.91400,0.949000
2000-11-19T01:29:39.000Z,7.44200,-5.92600,4.07600,1.89700
2000-11-19T01:29:55.000Z,7.39500,-5.65900,4.49000,1.36900
2000-11-19T01:30:11.000Z,7.43800,-5.48700,4.74100,1.47600
2000-11-19T01:30:27.000Z,7.41100,-5.69400,4.44700,1.61900
2000-11-19T01:30:43.000Z,7.42500,-5.87300,4.27400,1.52800
2000-11-19T01:30:59.000Z,7.41900,-5.79900,4.27500,1.75000
2000-11-19T01:31:15.000Z,7.43800,-5.56800,4.61900,1.71900
2000-11-19T01:31:31.000Z,7.39600,-5.56000,4.63900,1.47800
2000-11-19T01:31:47.000Z,7.37700,-5.52600,4.77100,1.04400
2000-11-19T01:32:03.000Z,7.40100,-5.25400,5.08800,1.09600
2000-11-19T01:32:19.000Z,7.39000,-4.86300,5.37900,1.39100
2000-11-19T01:32:35.000Z,7.42000,-5.09400,5.18900,1.38600
2000-11-19T01:32:51.000Z,7.40100,-5.56600,3.96600,2.67600
2000-11-19T01:33:07.000Z,7.42700,-5.65700,4.71400,0.615000
2000-11-19T01:33:23.000Z,7.45400,-5.39800,5.10500,-0.534000
2000-11-19T01:33:39.000Z,7.48300,-5.22000,5.18300,-1.29100
2000-11-19T01:33:55.000Z,7.45100,-4.80900,5.18100,-2.31800
2000-11-19T01:34:11.000Z,7.44600,-4.75700,5.19800,-2.38700
2000-11-19T01:34:27.000Z,7.48700,-5.02300,5.37100,-1.31900
2000-11-19T01:34:43.000Z,7.50000,-4.93100,5.55400,-1.02400
2000-11-19T01:34:59.000Z,7.48200,-5.15800,5.27900,-1.15800
2000-11-19T01:35:15.000Z,7.44700,-4.95800,5.24000,-1.81400
2000-11-19T01:35:31.000Z,7.43000,-5.04800,5.03400,-2.07500
2000-11-19T01:35:47.000Z,7.43700,-5.06800,5.02000,-2.08700
2000-11-19T01:36:03.000Z,7.43800,-4.98800,5.08900,-1.91400
2000-11-19T01:36:19.000Z,7.46900,-5.15300,5.20000,-1.45000
2000-11-19T01:36:35.000Z,7.45800,-5.23600,5.24500,-0.803000
2000-11-19T01:36:51.000Z,7.49600,-5.29200,5.13500,-0.548000
2000-11-19T01:37:07.000Z,7.48100,-5.03600,4.94500,-2.34200
2000-11-19T01:37:23.000Z,7.47900,-4.95800,5.16700,-2.13100
2000-11-19T01:37:39.000Z,7.46200,-5.07700,5.28000,-1.40800
2000-11-19T01:37:55.000Z,7.46600,-5.09100,5.25900,-1.44000
2000-11-19T01:38:11.000Z,7.46600,-5.39700,4.89000,-1.59800
2000-11-19T01:38:27.000Z,7.44400,-4.85300,5.45200,-1.43700
2000-11-19T01:38:43.000Z,7.38100,-5.56300,4.73500,-0.948000
2000-11-19T01:38:59.000Z,7.45000,-5.81500,4.63300,-0.0560000
2000-11-19T01:39:15.000Z,7.39700,-5.36100,4.85100,-1.17500
2000-11-19T01:39:31.000Z,7.44200,-5.79200,4.63600,-0.110000
2000-11-19T01:39:47.000Z,7.38900,-5.86800,4.29500,0.771000
2000-11-19T01:40:03.000Z,7.36900,-5.73800,4.46800,0.772000
2000-11-19T01:40:19.000Z,7.31000,-5.43600,4.72600,1.10700
2000-11-19T01:40:35.000Z,7.26100,-5.13200,5.11900,0.0180000
2000-11-19T01:40:51.000Z,7.25200,-5.16800,5.04000,-0.406000
2000-11-19T01:41:07.000Z,7.27300,-5.34600,4.91400,-0.241000
2000-11-19T01:41:23.000Z,7.29200,-5.32700,4.96300,-0.344000
2000-11-19T01:41:39.000Z,7.33800,-5.34600,5.00800,-0.343000
2000-11-19T01:41:55.000Z,7.26300,-5.45800,4.77100,-0.0170000
2000-11-19T01:42:11.000Z,7.28100,-5.49700,4.77000,0.133000
2000-11-19T01:42:27.000Z,7.20100,-5.17400,4.97300,0.253000
2000-11-19T01:42:43.000Z,6.93100,-5.10000,4.59500,0.134000
2000-11-19T01:42:59.000Z,6.45500,-5.14600,3.71500,1.12300
2000-11-19T01:43:15.000Z,6.31500,-5.17100,3.42000,1.19500
2000-11-19T01:43:31.000Z,6.30000,-5.17600,3.18700,1.64200
2000-11-19T01:43:47.000Z,6.28400,-5.17700,3.06700,1.80600
2000-11-19T01:44:03.000Z,6.37800,-5.30200,3.00700,1.87300
2000-11-19T01:44:19.000Z,6.27200,-5.14100,2.96200,2.02200
2000-11-19T01:44:35.000Z,6.26800,-5.12600,2.76700,2.30200
2000-11-19T01:44:51.000Z,6.24100,-5.31400,2.65700,1.90900
2000-11-19T01:45:07.000Z,6.30000,-5.43700,2.28900,2.19900
2000-11-19T01:45:23.000Z,6.39700,-5.44900,2.49600,2.22900
2000-11-19T01:45:39.000Z,6.34200,-5.45500,2.20400,2.35900
2000-11-19T01:45:55.000Z,6.39400,-5.55800,2.16400,2.29900
2000-11-19T01:46:11.000Z,6.41200,-5.63500,2.05000,2.26500
2000-11-19T01:46:27.000Z,6.48500,-5.64800,2.09800,2.39600
2000-11-19T01:46:43.000Z,6.34300,-5.52900,2.15700,2.22500
2000-11-19T01:46:59.000Z,6.31800,-5.54200,2.14700,2.11900
2000-11-19T01:47:15.000Z,6.28900,-5.44900,2.33500,2.07600
2000-11-19T01:47:31.000Z,6.25100,-4.99500,3.03400,2.04700
2000-11-19T01:47:47.000Z,6.22200,-5.24600,1.70500,2.78400
2000-11-19T01:48:03.000Z,6.25300,-5.14700,1.76300,3.05900
2000-11-19T01:48:19.000Z,6.26300,-5.23900,2.18000,2.60100
2000-11-19T01:48:35.000Z,6.29100,-5.48200,1.87000,2.44000
2000-11-19T01:48:51.000Z,6.33100,-5.27800,1.97900,2.86800
2000-11-19T01:49:07.000Z,6.28400,-5.48300,1.75100,2.51200
2000-11-19T01:49:23.000Z,6.29900,-5.47100,1.79000,2.54300
2000-11-19T01:49:39.000Z,6.29700,-5.22900,1.79700,2.99800
2000-11-19T01:49:55.000Z,6.36000,-5.28900,1.75600,3.05900
2000-11-19T01:50:11.000Z,6.30900,-5.50900,1.74500,2.51900
2000-11-19T01:50:27.000Z,6.31300,-5.62500,1.70600,2.28400
2000-11-19T01:50:43.000Z,6.32800,-5.64100,1.83900,2.18000
2000-11-19T01:50:59.000Z,6.45100,-5.75100,1.83200,2.27000
2000-11-19T01:51:15.000Z,6.51400,-5.71000,1.91900,2.45700
2000-11-19T01:51:31.000Z,6.56000,-5.79800,1.87400,2.41000
2000-11-19T01:51:47.000Z,6.47900,-5.65500,1.93100,2.46300
2000-11-19T01:52:03.000Z,6.47100,-5.64300,1.46600,2.79700
2000-11-19T01:52:19.000Z,6.52200,-5.53900,1.48400,3.09300
2000-11-19T01:52:35.000Z,6.51100,-5.52800,1.77300,2.93400
2000-11-19T01:52:51.000Z,6.51600,-5.65100,1.73800,2.70000
2000-11-19T01:53:07.000Z,6.52000,-5.86900,2.72300,0.688000
2000-11-19T01:53:23.000Z,6.48100,-5.82900,2.79000,0.433000
2000-11-19T01:53:39.000Z,6.47700,-5.87500,2.68200,0.453000
2000-11-19T01:53:55.000Z,6.47400,-5.96300,2.48700,0.383000
2000-11-19T01:54:11.000Z,6.51000,-5.79600,2.93400,-0.210000
2000-11-19T01:54:27.000Z,6.46600,-5.70200,3.02000,-0.369000
2000-11-19T01:54:43.000Z,6.43500,-5.70500,2.95600,-0.243000
2000-11-19T01:54:59.000Z,6.50000,-5.74700,3.01100,0.331000
2000-11-19T01:55:15.000Z,6.43900,-5.81100,2.76100,0.222000
2000-11-19T01:55:31.000Z,6.45800,-5.83900,2.74600,-0.110000
2000-11-19T01:55:47.000Z,6.52100,-5.44500,3.46800,-0.866000
2000-11-19T01:56:03.000Z,6.50600,-5.48600,3.34300,-1.00000
2000-11-19T01:56:19.000Z,6.43300,-5.47000,3.29900,-0.633000
2000-11-19T01:56:35.000Z,6.50500,-5.54900,3.30300,-0.698000
2000-11-19T01:56:51.000Z,6.57200,-5.43700,3.49600,-1.15800
2000-11-19T01:57:07.000Z,6.55600,-5.43700,3.33600,-1.49200
2000-11-19T01:57:23.000Z,6.51300,-5.11800,3.60900,-1.78200
2000-11-19T01:57:39.000Z,6.65600,-5.23000,3.66400,-1.86000
2000-11-19T01:57:55.000Z,6.67800,-5.13200,3.80400,-1.91800
2000-11-19T01:58:11.000Z,6.49100,-4.74200,3.96200,-1.93000
2000-11-19T01:58:27.000Z,6.56800,-4.94300,3.84200,-1.96500
2000-11-19T01:58:43.000Z,6.46000,-4.75500,3.90400,-1.96000
2000-11-19T01:58:59.000Z,6.46100,-4.54900,4.13500,-1.98000
2000-11-19T01:59:15.000Z,6.46100,-4.50500,4.16800,-2.00000
2000-11-19T01:59:31.000Z,6.43100,-4.69100,3.82500,-2.08500
2000-11-19T01:59:47.000Z,6.31000,-4.38200,3.92800,-2.16300
2000-11-19T02:00:03.000Z,6.44600,-4.11900,4.20300,-2.58000
2000-11-19T02:00:19.000Z,6.42500,-4.52000,3.85700,-2.40300
2000-11-19T02:00:35.000Z,6.50600,-4.04300,4.18600,-2.88400
2000-11-19T02:00:51.000Z,6.41500,-3.78800,4.01800,-3.17200
2000-11-19T02:01:07.000Z,6.22700,-4.50800,3.50900,-2.45900
2000-11-19T02:01:23.000Z,6.19300,-4.51200,3.46100,-2.42300
2000-11-19T02:01:39.000Z,6.23900,-5.16400,3.03200,-1.71000
2000-11-19T02:01:55.000Z,6.22300,-5.90100,1.78000,-0.0680000
2000-11-19T02:02:11.000Z,6.38600,-6.19700,1.36700,0.579000
2000-11-19T02:02:27.000Z,6.35300,-6.11900,1.08300,1.29600
2000-11-19T02:02:43.000Z,6.38700,-6.13000,1.34500,1.03400
2000-11-19T02:02:59.000Z,6.39700,-6.08100,1.93200,0.354000
2000-11-19T02:03:15.000Z,6.37500,-5.87100,2.37700,-0.554000
2000-11-19T02:03:31.000Z,6.33600,-5.88200,2.29200,-0.441000
2000-11-19T02:03:47.000Z,6.32100,-5.91200,2.16800,-0.105000
2000-11-19T02:04:03.000Z,6.36600,-5.90000,2.27000,0.431000
2000-11-19T02:04:19.000Z,6.28700,-5.63100,2.76300,-0.226000
2000-11-19T02:04:35.000Z,6.35300,-5.49200,3.00500,-0.428000
2000-11-19T02:04:51.000Z,6.32500,-5.12100,3.37300,-1.38200
2000-11-19T02:05:07.000Z,6.24200,-4.70400,3.07600,-2.69300
2000-11-19T02:05:23.000Z,6.12500,-4.77400,3.03300,-2.19700
2000-11-19T02:05:39.000Z,6.01900,-4.74400,2.87800,-2.31600
2000-11-19T02:05:55.000Z,6.02400,-4.69500,3.24800,-1.90200
2000-11-19T02:06:11.000Z,6.01000,-4.89600,3.04600,-1.64500
2000-11-19T02:06:27.000Z,6.04000,-4.43700,3.79100,-1.39700
2000-11-19T02:06:43.000Z,6.04900,-3.84200,3.72300,-2.74200
2000-11-19T02:06:59.000Z,6.05700,-3.70300,3.20400,-3.54200
2000-11-19T02:07:15.000Z,5.92000,-4.66500,3.18400,-1.74500
2000-11-19T02:07:31.000Z,5.97000,-4.70200,2.77500,-2.37700
2000-11-19T02:07:47.000Z,5.92700,-4.41300,3.31800,-2.10600
2000-11-19T02:08:03.000Z,5.93500,-4.39900,3.52200,-1.72700
2000-11-19T02:08:19.000Z,6.00300,-4.23400,3.50800,-2.19700
2000-11-19T02:08:35.000Z,6.17700,-2.24800,4.23800,-3.74700
2000-11-19T02:08:51.000Z,5.96500,-3.38500,4.13900,-2.57500
2000-11-19T02:09:07.000Z,6.08100,-3.66100,3.88100,-2.84700
2000-11-19T02:09:23.000Z,6.06200,-3.56200,3.44900,-3.42700
2000-11-19T02:09:39.000Z,6.13500,-3.67200,3.42000,-3.45100
2000-11-19T02:09:55.000Z,6.11100,-3.97300,3.58100,-2.93100
2000-11-19T02:10:11.000Z,6.06700,-3.73900,3.44400,-3.28400
2000-11-19T02:10:27.000Z,6.01000,-3.66800,3.42800,-3.29200
2000-11-19T02:10:43.000Z,6.15200,-2.74600,4.18200,-3.56200
2000-11-19T02:10:59.000Z,6.10900,-3.12400,3.81900,-3.59000
2000-11-19T02:11:15.000Z,6.05700,-3.39900,3.51900,-3.56400
2000-11-19T02:11:31.000Z,6.08000,-3.52100,3.57100,-3.43100
2000-11-19T02:11:47.000Z,6.11600,-3.96200,3.39500,-3.18500
2000-11-19T02:12:03.000Z,6.08500,-3.92400,3.40600,-3.16100
2000-11-19T02:12:19.000Z,6.06600,-3.96500,3.13300,-3.34900
2000-11-19T02:12:35.000Z,6.10800,-3.49200,3.33700,-3.72900
2000-11-19T02:12:51.000Z,6.19100,-3.81700,3.21700,-3.64600
2000-11-19T02:13:07.000Z,6.11200,-3.57900,3.23800,-3.73900
2000-11-19T02:13:23.000Z,6.16400,-3.57400,3.28400,-3.76500
2000-11-19T02:13:39.000Z,6.10800,-3.36900,3.32500,-3.84000
2000-11-19T02:13:55.000Z,6.19300,-3.87400,3.13100,-3.66300
2000-11-19T02:14:11.000Z,6.28700,-4.10500,3.25500,-3.46500
2000-11-19T02:14:27.000Z,6.24600,-3.50800,3.14500,-4.06500
2000-11-19T02:14:43.000Z,6.10400,-3.91200,3.25600,-3.36100
2000-11-19T02:14:59.000Z,6.35400,-4.92100,1.44600,-3.43000
2000-11-19T02:15:15.000Z,6.33200,-5.36000,0.315000,-3.35100
2000-11-19T02:15:31.000Z,6.28700,-5.24800,0.678000,-3.37800
2000-11-19T02:15:47.000Z,6.24900,-5.29400,1.13500,-3.01400
2000-11-19T02:16:03.000Z,6.26000,-5.28300,1.52600,-2.91900
2000-11-19T02:16:19.000Z,6.23900,-5.15500,0.747000,-3.38100
2000-11-19T02:16:35.000Z,6.15300,-5.08600,0.567000,-3.36400
2000-11-19T02:16:51.000Z,6.03800,-4.68300,0.736000,-3.69100
2000-11-19T02:17:07.000Z,6.11200,-4.77900,0.832000,-3.70000
2000-11-19T02:17:23.000Z,6.05900,-4.64400,0.865000,-3.77000
2000-11-19T02:17:39.000Z,6.07000,-4.38200,0.936000,-4.07300
2000-11-19T02:17:55.000Z,6.03100,-4.27000,0.877000,-4.14700
2000-11-19T02:18:11.000Z,6.10100,-4.40800,1.01000,-4.06300
2000-11-19T02:18:27.000Z,6.17800,-4.95700,1.14000,-3.46000
2000-11-19T02:18:43.000Z,6.08400,-4.78300,0.341000,-3.72300
2000-11-19T02:18:59.000Z,6.15700,-4.57300,0.921000,-3.87100
2000-11-19T02:19:15.000Z,6.16000,-5.17400,-1.51300,-2.84500
2000-11-19T02:19:31.000Z,6.15800,-4.58000,1.79900,-3.19600
2000-11-19T02:19:47.000Z,6.25600,-4.53600,1.87100,-3.76500
2000-11-19T02:20:03.000Z,6.28200,-3.91100,1.48500,-4.61300
2000-11-19T02:20:19.000Z,6.25700,-3.94200,1.33600,-4.65900
2000-11-19T02:20:35.000Z,6.26200,-4.04300,1.60600,-4.46700
2000-11-19T02:20:51.000Z,6.30600,-4.57500,0.806000,-4.23300
2000-11-19T02:21:07.000Z,6.30400,-4.35600,0.450000,-4.52200
2000-11-19T02:21:23.000Z,6.29900,-4.36500,0.0120000,-4.46400
2000-11-19T02:21:39.000Z,6.37900,-3.79700,-1.90800,-4.70600
2000-11-19T02:21:55.000Z,6.40900,-3.97700,-2.10800,-4.51600
2000-11-19T02:22:11.000Z,6.43100,-3.71300,-2.39600,-4.66000
2000-11-19T02:22:27.000Z,6.34200,-4.99400,-1.14600,-3.57700
2000-11-19T02:22:43.000Z,6.35300,-4.89900,-0.791000,-3.88200
2000-11-19T02:22:59.000Z,6.54300,-4.71400,-1.56400,-4.20800
2000-11-19T02:23:15.000Z,6.54400,-4.50300,-1.51500,-4.49500
2000-11-19T02:23:31.000Z,6.57300,-4.61300,-1.49500,-4.43500
2000-11-19T02:23:47.000Z,6.57300,-4.60000,-1.57100,-4.42300
2000-11-19T02:24:03.000Z,6.54100,-4.44500,-1.48500,-4.56000
2000-11-19T02:24:19.000Z,6.54400,-4.61600,-1.55300,-4.36800
2000-11-19T02:24:35.000Z,6.48200,-4.50900,-1.58700,-4.37500
2000-11-19T02:24:51.000Z,6.25600,-3.96000,-2.31000,-4.24500
2000-11-19T02:25:07.000Z,6.26000,-3.76500,-2.71200,-4.17800
2000-11-19T02:25:23.000Z,6.21800,-4.08100,-2.27200,-4.04700
2000-11-19T02:25:39.000Z,6.37400,-3.42200,-3.03300,-4.38500
2000-11-19T02:25:55.000Z,6.40300,-3.90400,-2.78900,-4.23600
2000-11-19T02:26:11.000Z,6.39500,-4.31500,-2.10900,-4.20200
2000-11-19T02:26:27.000Z,6.40500,-4.34100,-1.95300,-4.12400
2000-11-19T02:26:43.000Z,6.45200,-4.91900,-1.07600,-4.00900
2000-11-19T02:26:59.000Z,6.51200,-4.85500,-1.29300,-4.13700
2000-11-19T02:27:15.000Z,6.46400,-4.85800,-1.30700,-4.05500
2000-11-19T02:27:31.000Z,6.43800,-4.82700,-1.28300,-4.05500
2000-11-19T02:27:47.000Z,6.45200,-4.90300,-1.17700,-4.01600
2000-11-19T02:28:03.000Z,6.26500,-4.79200,-1.36000,-3.75900
2000-11-19T02:28:19.000Z,6.43200,-5.25400,-0.691000,-3.62600
2000-11-19T02:28:35.000Z,6.40600,-5.41000,-0.966000,-3.28000
2000-11-19T02:28:51.000Z,6.48400,-5.41200,-1.13800,-3.38000
2000-11-19T02:29:07.000Z,6.51900,-5.46100,-1.43000,-3.25700
2000-11-19T02:29:23.000Z,6.51300,-5.33000,-1.55500,-3.39600
2000-11-19T02:29:39.000Z,6.49300,-5.24500,-1.51400,-3.50700
2000-11-19T02:29:55.000Z,6.50300,-5.29900,-1.38000,-3.50100
2000-11-19T02:30:11.000Z,6.46700,-5.11800,-1.69300,-3.51100
2000-11-19T02:30:27.000Z,6.34400,-4.75200,-2.63900,-3.26300
2000-11-19T02:30:43.000Z,6.30600,-4.72300,-3.00400,-2.84200
2000-11-19T02:30:59.000Z,6.32200,-4.59000,-2.76300,-3.28200
2000-11-19T02:31:15.000Z,6.24900,-4.34000,-1.75000,-4.13200
2000-11-19T02:31:31.000Z,6.35200,-4.49400,-1.00600,-4.37000
2000-11-19T02:31:47.000Z,6.08600,-4.58600,-1.19900,-3.81300
2000-11-19T02:32:03.000Z,6.05700,-4.56500,-1.08500,-3.82400
2000-11-19T02:32:19.000Z,6.08400,-4.49900,-2.55100,-2.98400
2000-11-19T02:32:35.000Z,6.15000,-4.58800,-3.15600,-2.57800
2000-11-19T02:32:51.000Z,6.17500,-4.56600,-2.91600,-2.95400
2000-11-19T02:33:07.000Z,6.19200,-4.69100,-2.65000,-3.04700
2000-11-19T02:33:23.000Z,6.24400,-4.81600,-2.21300,-3.28900
2000-11-19T02:33:39.000Z,6.14500,-4.79500,-2.11700,-3.20300
2000-11-19T02:33:55.000Z,6.26800,-4.74000,-2.22200,-3.43000
2000-11-19T02:34:11.000Z,6.25800,-4.83800,-2.12100,-3.34800
2000-11-19T02:34:27.000Z,6.06900,-4.27900,-2.40700,-3.56100
2000-11-19T02:34:43.000Z,6.01000,-4.31600,-2.23900,-3.52400
2000-11-19T02:34:59.000Z,5.94700,-4.42900,-1.98200,-3.43200
2000-11-19T02:35:15.000Z,6.20900,-3.76100,-4.17100,-2.40000
2000-11-19T02:35:31.000Z,6.06300,-3.28100,-4.64300,-2.08200
2000-11-19T02:35:47.000Z,5.99700,-2.86700,-4.92000,-1.86700
2000-11-19T02:36:03.000Z,5.96800,-2.75400,-5.01000,-1.69800
2000-11-19T02:36:19.000Z,5.94200,-2.49600,-5.13900,-1.62100
2000-11-19T02:36:35.000Z,5.96000,-2.40500,-5.19600,-1.64600
2000-11-19T02:36:51.000Z,5.99500,-2.38400,-5.19100,-1.80200
2000-11-19T02:37:07.000Z,5.99900,-2.65700,-5.07100,-1.78200
2000-11-19T02:37:23.000Z,5.95700,-3.11000,-4.62900,-2.05400
2000-11-19T02:37:39.000Z,5.78300,-3.47300,-4.07600,-2.01700
2000-11-19T02:37:55.000Z,5.65900,-3.57100,-3.92300,-1.87700
2000-11-19T02:38:11.000Z,5.66700,-3.59200,-3.54000,-2.15300
2000-11-19T02:38:27.000Z,5.57200,-3.89600,-2.82300,-2.46300
2000-11-19T02:38:43.000Z,5.51200,-3.85500,-3.09400,-2.40400
2000-11-19T02:38:59.000Z,5.42400,-3.94500,-2.98200,-2.07100
2000-11-19T02:39:15.000Z,5.50500,-3.44900,4.07400,-0.608000
2000-11-19T02:39:31.000Z,5.98500,-3.50700,4.73700,-0.827000
2000-11-19T02:39:47.000Z,6.61100,-3.64000,5.43900,-0.842000
2000-11-19T02:40:03.000Z,6.87400,-3.89600,5.57000,-0.994000
2000-11-19T02:40:19.000Z,6.89900,-3.56900,5.82200,-0.974000
2000-11-19T02:40:35.000Z,6.92400,-3.66500,5.76000,-1.14200
2000-11-19T02:40:51.000Z,6.81600,-3.38500,5.80700,-1.07500
2000-11-19T02:41:07.000Z,6.88500,-3.04800,6.05100,-1.21800
2000-11-19T02:41:23.000Z,6.73000,-3.34100,5.73600,-1.10000
2000-11-19T02:41:39.000Z,6.87100,-3.38600,5.84400,-1.24100
2000-11-19T02:41:55.000Z,6.78900,-3.61800,5.62600,-1.13200
2000-11-19T02:42:11.000Z,6.75600,-4.35600,5.05700,-1.01100
2000-11-19T02:42:27.000Z,6.53500,-3.30800,5.47600,-1.24500
2000-11-19T02:42:43.000Z,6.51900,-3.61400,5.17700,-1.57400
2000-11-19T02:42:59.000Z,6.05100,-3.58500,4.55800,-1.64900
2000-11-19T02:43:15.000Z,6.06600,-3.22000,4.89700,-1.54400
2000-11-19T02:43:31.000Z,6.08100,-3.23600,4.84500,-1.73700
2000-11-19T02:43:47.000Z,5.99800,-2.96500,4.92000,-1.72200
2000-11-19T02:44:03.000Z,5.99300,-2.84600,4.90900,-1.92200
2000-11-19T02:44:19.000Z,5.88900,-2.57100,4.92400,-1.91900
2000-11-19T02:44:35.000Z,5.62200,-1.83600,4.92000,-1.93500
2000-11-19T02:44:51.000Z,5.79500,-1.51500,5.20200,-2.00000
2000-11-19T02:45:07.000Z,5.74700,-2.33000,4.91200,-1.85700
2000-11-19T02:45:23.000Z,5.81500,-2.43400,5.01500,-1.60600
2000-11-19T02:45:39.000Z,5.79800,-3.55300,4.26400,-1.64400
2000-11-19T02:45:55.000Z,6.08000,-3.87900,4.20900,-2.03400
2000-11-19T02:46:11.000Z,6.30600,-3.90300,4.65900,-1.64400
2000-11-19T02:46:27.000Z,6.24300,-3.84800,4.57900,-1.76500
2000-11-19T02:46:43.000Z,6.42600,-1.96700,5.82000,-1.81900
2000-11-19T02:46:59.000Z,6.64500,-1.31900,6.31100,-1.45200
2000-11-19T02:47:15.000Z,6.64700,0.480000,6.35800,-1.72400
2000-11-19T02:47:31.000Z,6.77700,2.36100,6.19300,-1.21600
2000-11-19T02:47:47.000Z,6.72700,1.98500,6.21800,-1.57100
2000-11-19T02:48:03.000Z,6.75500,1.57000,6.31200,-1.81000
2000-11-19T02:48:19.000Z,6.74000,1.57000,6.29700,-1.81200
2000-11-19T02:48:35.000Z,6.72300,1.29300,6.35600,-1.76200
2000-11-19T02:48:51.000Z,6.76000,1.86600,6.39700,-1.10800
2000-11-19T02:49:07.000Z,6.74200,1.59800,6.46300,-1.06200
2000-11-19T02:49:23.000Z,6.80400,1.45400,6.56600,-1.02400
2000-11-19T02:49:39.000Z,6.78800,1.35000,6.51500,-1.32900
2000-11-19T02:49:55.000Z,6.92400,1.85700,6.52200,-1.37100
2000-11-19T02:50:11.000Z,6.95600,1.83200,6.51100,-1.60400
2000-11-19T02:50:27.000Z,6.86700,1.73200,6.43800,-1.63600
2000-11-19T02:50:43.000Z,6.93900,1.69400,6.55300,-1.52900
2000-11-19T02:50:59.000Z,6.95700,1.73800,6.59700,-1.35800
2000-11-19T02:51:15.000Z,6.96700,1.86400,6.59700,-1.22300
2000-11-19T02:51:31.000Z,6.96800,1.95600,6.54300,-1.36700
2000-11-19T02:51:47.000Z,6.96800,1.72100,6.61100,-1.35800
2000-11-19T02:52:03.000Z,7.05900,1.40000,6.71100,-1.67800
2000-11-19T02:52:19.000Z,7.17600,1.46300,6.84700,-1.56200
2000-11-19T02:52:35.000Z,7.12100,1.56100,6.80800,-1.38300
2000-11-19T02:52:51.000Z,7.31000,1.46100,7.03800,-1.31000
2000-11-19T02:53:07.000Z,7.19200,1.27500,6.92800,-1.37600
2000-11-19T02:53:23.000Z,7.14900,1.16400,6.80000,-1.72100
2000-11-19T02:53:39.000Z,7.37500,1.53100,7.01200,-1.66600
2000-11-19T02:53:55.000Z,7.47600,1.64700,7.06400,-1.79500
2000-11-19T02:54:11.000Z,7.43500,1.38900,7.06600,-1.84000
2000-11-19T02:54:27.000Z,7.33100,1.06900,7.03700,-1.73600
2000-11-19T02:54:43.000Z,7.31900,1.30400,7.00600,-1.62800
2000-11-19T02:54:59.000Z,7.22300,1.12200,6.97800,-1.42800
2000-11-19T02:55:15.000Z,7.17900,0.524000,6.96600,-1.48400
2000-11-19T02:55:31.000Z,7.19500,-0.0850000,7.03100,-1.47600
2000-11-19T02:55:47.000Z,7.13800,-0.526000,6.92000,-1.66300
2000-11-19T02:56:03.000Z,7.14000,-0.570000,6.89300,-1.75600
2000-11-19T02:56:19.000Z,7.17700,-0.309000,6.86100,-2.04600
2000-11-19T02:56:35.000Z,7.17400,-0.349000,6.89900,-1.89100
2000-11-19T02:56:51.000Z,7.05700,-0.717000,6.67000,-2.17900
2000-11-19T02:57:07.000Z,7.09800,-0.656000,6.71600,-2.18600
2000-11-19T02:57:23.000Z,7.06500,-0.844000,6.63900,-2.24700
2000-11-19T02:57:39.000Z,7.06400,0.00600000,6.69800,-2.06000
2000-11-19T02:57:55.000Z,7.11400,0.317000,6.76300,-2.16700
2000-11-19T02:58:11.000Z,7.13600,0.426000,6.76700,-2.22300
2000-11-19T02:58:27.000Z,7.07800,0.508000,6.64100,-2.38900
2000-11-19T02:58:43.000Z,6.99200,0.142000,6.57300,-2.37100
2000-11-19T02:58:59.000Z,7.03500,0.0450000,6.63100,-2.33600
2000-11-19T02:59:15.000Z,7.02800,-0.182000,6.54900,-2.52500
2000-11-19T02:59:31.000Z,6.89900,0.654000,6.46900,-2.26300
2000-11-19T02:59:47.000Z,6.96200,-0.251000,6.51200,-2.44900
2000-11-19T03:00:03.000Z,6.96000,-0.448000,6.57000,-2.22700
2000-11-19T03:00:19.000Z,6.99600,-0.650000,6.53800,-2.38800
2000-11-19T03:00:35.000Z,7.02100,-0.305000,6.55500,-2.34300
2000-11-19T03:00:51.000Z,6.96300,-1.04500,6.42700,-2.39700
2000-11-19T03:01:07.000Z,7.08500,-0.283000,6.64800,-2.26100
2000-11-19T03:01:23.000Z,7.20900,-0.0830000,6.63200,-2.76700
2000-11-19T03:01:39.000Z,7.25900,-0.401000,6.81300,-2.44700
2000-11-19T03:01:55.000Z,7.26100,-1.03400,6.65200,-2.69900
2000-11-19T03:02:11.000Z,7.24100,-1.13300,6.57400,-2.79400
2000-11-19T03:02:27.000Z,7.16400,-0.770000,6.56200,-2.75600
2000-11-19T03:02:43.000Z,7.13700,-0.556000,6.58300,-2.69000
2000-11-19T03:02:59.000Z,7.04600,-0.786000,6.62200,-2.26300
2000-11-19T03:03:15.000Z,7.00100,-0.799000,6.52400,-2.40400
2000-11-19T03:03:31.000Z,7.01100,-0.633000,6.41900,-2.72300
2000-11-19T03:03:47.000Z,7.00300,-0.555000,5.97700,-3.54700
2000-11-19T03:04:03.000Z,7.08800,-0.387000,6.23300,-3.34200
2000-11-19T03:04:19.000Z,7.13600,-0.534000,6.28900,-3.31500
2000-11-19T03:04:35.000Z,7.06400,-0.745000,6.53100,-2.56000
2000-11-19T03:04:51.000Z,7.03300,-0.858000,6.54600,-2.39800
2000-11-19T03:05:07.000Z,7.03100,-0.781000,6.27200,-3.04200
2000-11-19T03:05:23.000Z,6.97800,-0.812000,5.80800,-3.72400
2000-11-19T03:05:39.000Z,6.90300,-0.928000,5.88200,-3.32000
2000-11-19T03:05:55.000Z,6.74800,-0.972000,5.82600,-3.12100
2000-11-19T03:06:11.000Z,6.87800,-1.31500,5.64900,-3.66500
2000-11-19T03:06:27.000Z,6.78100,-1.32200,5.89000,-3.03100
2000-11-19T03:06:43.000Z,6.90400,-1.28900,5.95500,-3.05400
2000-11-19T03:06:59.000Z,7.01100,-0.880000,6.64700,-1.99200
2000-11-19T03:07:15.000Z,7.16000,-1.24600,6.58200,-2.49800
2000-11-19T03:07:31.000Z,7.17300,-1.18800,6.62400,-2.46800
2000-11-19T03:07:47.000Z,6.89300,-0.989000,6.44600,-2.20100
2000-11-19T03:08:03.000Z,6.83200,-0.829000,6.50100,-1.91700
2000-11-19T03:08:19.000Z,6.81000,-0.862000,6.40700,-2.12600
2000-11-19T03:08:35.000Z,6.92200,-0.898000,6.56400,-1.96300
2000-11-19T03:08:51.000Z,6.95800,-0.867000,6.53700,-2.10500
2000-11-19T03:09:07.000Z,6.98000,-1.37600,6.31900,-2.56900
2000-11-19T03:09:23.000Z,6.97900,-0.872000,6.43300,-2.49200
2000-11-19T03:09:39.000Z,6.96100,-0.511000,6.67700,-1.88200
2000-11-19T03:09:55.000Z,6.96900,-0.601000,6.62000,-2.07900
2000-11-19T03:10:11.000Z,6.98900,-0.611000,6.61000,-2.15600
2000-11-19T03:10:27.000Z,7.07000,-1.49800,6.30600,-2.80800
2000-11-19T03:10:43.000Z,7.07900,-1.30800,6.40600,-2.69700
2000-11-19T03:10:59.000Z,7.03100,-1.38900,6.36900,-2.57500
2000-11-19T03:11:15.000Z,7.08200,-1.73100,6.27300,-2.77000
2000-11-19T03:11:31.000Z,7.16500,-1.63900,6.42800,-2.64200
2000-11-19T03:11:47.000Z,7.05200,-1.16500,6.54200,-2.33800
2000-11-19T03:12:03.000Z,7.03600,-0.836000,6.65500,-2.11100
2000-11-19T03:12:19.000Z,7.09400,-1.23500,6.60600,-2.23000
2000-11-19T03:12:35.000Z,7.12500,-1.32300,6.63600,-2.19900
2000-11-19T03:12:51.000Z,7.17000,-1.68700,6.59600,-2.20900
2000-11-19T03:13:07.000Z,7.26400,-2.23300,6.54600,-2.21700
2000-11-19T03:13:23.000Z,7.19000,-1.90000,6.51900,-2.32700
2000-11-19T03:13:39.000Z,7.11500,-1.67300,6.46700,-2.44600
2000-11-19T03:13:55.000Z,7.14400,-1.36800,6.77500,-1.52600
2000-11-19T03:14:11.000Z,7.18300,-1.01300,7.05700,-0.863000
2000-11-19T03:14:27.000Z,7.18000,-0.911000,7.06400,-0.872000
2000-11-19T03:14:43.000Z,7.15600,-0.297000,7.04400,-1.18800
2000-11-19T03:14:59.000Z,7.18500,-0.400000,7.04100,-1.34200
2000-11-19T03:15:15.000Z,7.08300,-0.613000,6.92300,-1.19300
2000-11-19T03:15:31.000Z,7.07700,-0.420000,6.81900,-1.81100
2000-11-19T03:15:47.000Z,7.12500,-0.162000,6.90800,-1.69700
2000-11-19T03:16:03.000Z,7.00000,-0.377000,6.81100,-1.56100
2000-11-19T03:16:19.000Z,7.04500,0.147000,6.90900,-1.35900
2000-11-19T03:16:35.000Z,7.08200,0.151000,6.93100,-1.44000
2000-11-19T03:16:51.000Z,6.94700,0.0690000,6.80400,-1.38900
2000-11-19T03:17:07.000Z,6.94700,-0.0610000,6.79100,-1.41600
2000-11-19T03:17:23.000Z,7.24900,0.518000,7.19700,-0.470000
2000-11-19T03:17:39.000Z,7.37800,1.05400,7.25800,0.676000
2000-11-19T03:17:55.000Z,7.21400,0.450000,7.12800,-0.468000
2000-11-19T03:18:11.000Z,6.44700,-0.922000,5.36000,-2.56300
2000-11-19T03:18:27.000Z,6.43300,-2.68800,3.57700,-4.61200
2000-11-19T03:18:43.000Z,6.48100,-2.65700,3.88700,-4.44700
2000-11-19T03:18:59.000Z,6.56800,-2.49500,4.02700,-4.54500
2000-11-19T03:19:15.000Z,6.43800,-2.42400,4.06700,-4.34800
2000-11-19T03:19:31.000Z,6.36900,-2.61500,3.99900,-4.19500
2000-11-19T03:19:47.000Z,6.34000,-2.56900,4.05500,-4.12500
2000-11-19T03:20:03.000Z,6.33400,-2.54500,4.10100,-4.09600
2000-11-19T03:20:19.000Z,6.37400,-2.66200,4.17100,-4.00000
2000-11-19T03:20:35.000Z,6.39400,-2.79900,4.25000,-3.85700
2000-11-19T03:20:51.000Z,6.40600,-2.79700,4.27100,-3.86400
2000-11-19T03:21:07.000Z,6.35500,-2.67100,4.16900,-3.97900
2000-11-19T03:21:23.000Z,6.46400,-2.62100,4.16200,-4.18700
2000-11-19T03:21:39.000Z,6.61500,-2.70700,4.33200,-4.19800
2000-11-19T03:21:55.000Z,6.69000,-2.91800,4.33600,-4.16400
2000-11-19T03:22:11.000Z,6.58400,-2.95500,4.33800,-3.97100
2000-11-19T03:22:27.000Z,6.78000,-2.96500,4.57000,-4.03200
2000-11-19T03:22:43.000Z,6.96700,-3.10900,4.66500,-4.13400
2000-11-19T03:22:59.000Z,7.06800,-3.14200,4.74300,-4.19100
2000-11-19T03:23:15.000Z,7.14600,-3.23000,4.90000,-4.07100
2000-11-19T03:23:31.000Z,7.13100,-3.21800,4.76500,-4.21300
2000-11-19T03:23:47.000Z,7.07200,-3.09600,4.87500,-4.06800
2000-11-19T03:24:03.000Z,7.02500,-3.30500,4.71000,-4.00600
2000-11-19T03:24:19.000Z,7.03700,-3.34000,4.51600,-4.22100
2000-11-19T03:24:35.000Z,7.05200,-3.36100,4.45600,-4.30900
2000-11-19T03:24:51.000Z,6.90400,-3.17300,4.55300,-4.08700
2000-11-19T03:25:07.000Z,6.87600,-3.12400,4.49100,-4.15500
2000-11-19T03:25:23.000Z,6.87000,-3.20300,4.47800,-4.10400
2000-11-19T03:25:39.000Z,6.85500,-3.22700,4.57500,-3.94700
2000-11-19T03:25:55.000Z,6.85300,-3.03700,4.51400,-4.15800
2000-11-19T03:26:11.000Z,6.86000,-3.15000,4.54900,-4.05000
2000-11-19T03:26:27.000Z,6.88500,-3.20700,4.56400,-4.02200
2000-11-19T03:26:43.000Z,6.90900,-3.39200,4.58700,-3.87100
2000-11-19T03:26:59.000Z,6.84500,-3.32400,4.49400,-3.94500
2000-11-19T03:27:15.000Z,6.84500,-3.34600,4.58900,-3.81600
2000-11-19T03:27:31.000Z,6.87500,-3.21900,4.77500,-3.74800
2000-11-19T03:27:47.000Z,6.96600,-3.19700,4.89600,-3.78100
2000-11-19T03:28:03.000Z,7.02200,-3.20600,4.84600,-3.94000
2000-11-19T03:28:19.000Z,7.06800,-3.34700,4.64600,-4.12900
2000-11-19T03:28:35.000Z,7.08500,-3.28100,4.45700,-4.41400
2000-11-19T03:28:51.000Z,7.09600,-3.16100,5.11700,-3.75300
2000-11-19T03:29:07.000Z,7.11700,-3.17600,4.89400,-4.03400
2000-11-19T03:29:23.000Z,7.05300,-3.15800,4.94100,-3.89300
2000-11-19T03:29:39.000Z,7.11100,-3.34700,5.12900,-3.57900
2000-11-19T03:29:55.000Z,7.12400,-3.18700,5.34800,-3.43900
2000-11-19T03:30:11.000Z,7.12400,-3.04500,5.33000,-3.58300
2000-11-19T03:30:27.000Z,7.10100,-2.99800,5.07500,-3.95500
2000-11-19T03:30:43.000Z,7.13800,-3.08300,4.89300,-4.17900
2000-11-19T03:30:59.000Z,7.14700,-3.36800,4.88900,-3.96600
2000-11-19T03:31:15.000Z,7.14900,-3.38400,4.85400,-4.00500
2000-11-19T03:31:31.000Z,7.16700,-3.29100,4.85300,-4.11300
2000-11-19T03:31:47.000Z,7.15800,-3.39900,4.77200,-4.10800
2000-11-19T03:32:03.000Z,7.17500,-3.43200,4.62100,-4.27600
2000-11-19T03:32:19.000Z,7.15300,-3.33200,4.55900,-4.37800
2000-11-19T03:32:35.000Z,7.18100,-3.29500,4.58900,-4.42500
2000-11-19T03:32:51.000Z,7.18600,-3.59700,4.55800,-4.21600
2000-11-19T03:33:07.000Z,7.20100,-3.52300,5.07700,-3.69500
2000-11-19T03:33:23.000Z,7.22700,-3.65200,4.81400,-3.95100
2000-11-19T03:33:39.000Z,7.17700,-3.64500,4.66900,-4.04800
2000-11-19T03:33:55.000Z,7.20600,-3.58600,4.66800,-4.15500
2000-11-19T03:34:11.000Z,7.17900,-3.45400,4.87500,-3.96500
2000-11-19T03:34:27.000Z,7.16800,-3.43300,4.82800,-4.03300
2000-11-19T03:34:43.000Z,7.20500,-3.49100,4.83100,-4.04200
2000-11-19T03:34:59.000Z,7.19700,-3.45800,4.75200,-4.15300
2000-11-19T03:35:15.000Z,7.17500,-3.41500,4.81000,-4.08100
2000-11-19T03:35:31.000Z,7.21200,-3.33000,4.74600,-4.28700
2000-11-19T03:35:47.000Z,7.20200,-3.30300,4.73200,-4.30800
2000-11-19T03:36:03.000Z,7.16600,-3.27900,4.65700,-4.34700
2000-11-19T03:36:19.000Z,7.16600,-3.10300,4.66300,-4.46800
2000-11-19T03:36:35.000Z,7.16000,-3.15200,4.66000,-4.42800
2000-11-19T03:36:51.000Z,7.13900,-3.16900,4.60200,-4.44100
2000-11-19T03:37:07.000Z,7.17100,-3.27900,4.59700,-4.42000
2000-11-19T03:37:23.000Z,7.21900,-3.32000,4.61000,-4.45300
2000-11-19T03:37:39.000Z,7.19600,-3.06100,4.67300,-4.53500
2000-11-19T03:37:55.000Z,7.21300,-3.05300,4.63100,-4.60800
2000-11-19T03:38:11.000Z,7.27100,-3.18300,4.59500,-4.64600
2000-11-19T03:38:27.000Z,7.32700,-3.13000,4.74900,-4.61700
2000-11-19T03:38:43.000Z,7.33700,-3.11000,4.78700,-4.60900
2000-11-19T03:38:59.000Z,7.32300,-3.09000,4.65700,-4.72800
2000-11-19T03:39:15.000Z,7.20800,-2.83600,4.54000,-4.82300
2000-11-19T03:39:31.000Z,7.23300,-2.72100,4.50200,-4.96300
2000-11-19T03:39:47.000Z,7.22200,-2.79000,4.46200,-4.92500
2000-11-19T03:40:03.000Z,6.95100,-3.66700,4.67900,-3.50500
2000-11-19T03:40:19.000Z,6.80200,-4.00200,4.55600,-3.05700
2000-11-19T03:40:35.000Z,6.77100,-4.09300,4.57400,-2.84300
2000-11-19T03:40:51.000Z,6.70300,-3.92100,4.35100,-3.23200
2000-11-19T03:41:07.000Z,6.77700,-4.02300,4.25700,-3.39100
2000-11-19T03:41:23.000Z,6.64900,-4.16000,4.31800,-2.85500
2000-11-19T03:41:39.000Z,6.54900,-4.38100,4.25400,-2.35500
2000-11-19T03:41:55.000Z,6.70000,-4.47600,4.40000,-2.32600
2000-11-19T03:42:11.000Z,6.79500,-4.53300,4.36400,-2.55600
2000-11-19T03:42:27.000Z,6.81300,-4.49400,4.44100,-2.54000
2000-11-19T03:42:43.000Z,6.82400,-4.38300,4.45400,-2.72200
2000-11-19T03:42:59.000Z,6.76000,-4.18400,4.49200,-2.81900
2000-11-19T03:43:15.000Z,6.72500,-4.05200,4.48400,-2.91000
2000-11-19T03:43:31.000Z,6.76400,-3.90500,4.54100,-3.13900
2000-11-19T03:43:47.000Z,6.76000,-3.80100,4.49400,-3.32100
2000-11-19T03:44:03.000Z,6.80500,-4.00800,4.42500,-3.25600
2000-11-19T03:44:19.000Z,6.85100,-3.55600,4.41000,-3.82600
2000-11-19T03:44:35.000Z,6.87500,-3.62800,4.36200,-3.86800
2000-11-19T03:44:51.000Z,6.84200,-3.51200,4.25400,-4.04000
2000-11-19T03:45:07.000Z,6.85300,-3.65600,4.29500,-3.88600
2000-11-19T03:45:23.000Z,6.84000,-3.71000,4.35600,-3.72400
2000-11-19T03:45:39.000Z,6.84200,-3.67900,4.51100,-3.58000
2000-11-19T03:45:55.000Z,6.90400,-3.80800,4.45100,-3.64900
2000-11-19T03:46:11.000Z,6.82200,-3.91800,4.38900,-3.43900
2000-11-19T03:46:27.000Z,6.77100,-3.91400,4.31500,-3.43300
2000-11-19T03:46:43.000Z,6.81400,-4.05300,4.42300,-3.22000
2000-11-19T03:46:59.000Z,6.84600,-3.59100,4.25300,-3.97300
2000-11-19T03:47:15.000Z,6.81000,-3.56100,4.26900,-3.92400
2000-11-19T03:47:31.000Z,6.85500,-3.67900,4.41100,-3.72800
2000-11-19T03:47:47.000Z,6.88300,-3.65600,4.63000,-3.54100
2000-11-19T03:48:03.000Z,6.83000,-3.50900,4.30200,-3.97300
2000-11-19T03:48:19.000Z,6.81400,-3.41700,4.33400,-3.98500
2000-11-19T03:48:35.000Z,6.78700,-3.55200,4.12900,-4.03900
2000-11-19T03:48:51.000Z,6.84200,-3.27800,4.81400,-3.56300
2000-11-19T03:49:07.000Z,6.85500,-3.34200,4.71900,-3.66500
2000-11-19T03:49:23.000Z,6.84400,-3.33200,4.83500,-3.47700
2000-11-19T03:49:39.000Z,6.82600,-3.50000,4.58000,-3.61700
2000-11-19T03:49:55.000Z,6.84700,-3.70600,4.52500,-3.55200
2000-11-19T03:50:11.000Z,6.77500,-3.31500,4.60100,-3.69100
2000-11-19T03:50:27.000Z,6.78800,-3.30200,4.63300,-3.68800
2000-11-19T03:50:43.000Z,6.83900,-3.55500,4.45000,-3.77700
2000-11-19T03:50:59.000Z,6.85500,-3.66200,4.42000,-3.73600
2000-11-19T03:51:15.000Z,6.86200,-3.42800,4.28300,-4.11000
2000-11-19T03:51:31.000Z,6.90200,-3.62800,4.00900,-4.27700
2000-11-19T03:51:47.000Z,6.89900,-3.76500,3.89400,-4.26500
2000-11-19T03:52:03.000Z,6.83300,-3.81100,3.85700,-4.15200
2000-11-19T03:52:19.000Z,6.80400,-3.76400,3.72600,-4.26700
2000-11-19T03:52:35.000Z,6.81200,-3.53000,3.87900,-4.34300
2000-11-19T03:52:51.000Z,6.89100,-3.49800,4.22700,-4.16400
2000-11-19T03:53:07.000Z,6.86900,-3.55000,4.15000,-4.15700
2000-11-19T03:53:23.000Z,6.84900,-3.48100,4.07700,-4.24500
2000-11-19T03:53:39.000Z,6.85100,-3.51200,4.13600,-4.16200
2000-11-19T03:53:55.000Z,6.82300,-3.63400,3.92000,-4.21500
2000-11-19T03:54:11.000Z,6.79600,-4.14600,3.56000,-4.01400
2000-11-19T03:54:27.000Z,6.79500,-3.94600,3.40700,-4.34100
2000-11-19T03:54:43.000Z,6.78200,-3.84300,3.49700,-4.34300
2000-11-19T03:54:59.000Z,6.82900,-3.58800,3.99400,-4.19400
2000-11-19T03:55:15.000Z,6.77100,-3.78900,3.72900,-4.17600
2000-11-19T03:55:31.000Z,6.82900,-3.63200,3.87400,-4.27800
2000-11-19T03:55:47.000Z,6.80800,-3.82100,3.81300,-4.12800
2000-11-19T03:56:03.000Z,6.75400,-3.84100,3.80600,-4.04000
2000-11-19T03:56:19.000Z,6.84300,-3.84200,3.85000,-4.13600
2000-11-19T03:56:35.000Z,6.79200,-3.88000,3.60300,-4.23600
2000-11-19T03:56:51.000Z,6.80500,-3.46300,3.97400,-4.30000
2000-11-19T03:57:07.000Z,6.82000,-3.37300,3.92300,-4.43800
2000-11-19T03:57:23.000Z,6.83100,-3.21400,3.97000,-4.53100
2000-11-19T03:57:39.000Z,6.82600,-3.42700,3.98100,-4.35000
2000-11-19T03:57:55.000Z,6.80200,-3.42900,3.84100,-4.43600
2000-11-19T03:58:11.000Z,6.84700,-3.44000,3.91900,-4.42700
2000-11-19T03:58:27.000Z,6.76700,-3.37400,3.79300,-4.46800
2000-11-19T03:58:43.000Z,6.81300,-3.67300,3.65500,-4.41700
2000-11-19T03:58:59.000Z,6.76600,-3.42000,3.77600,-4.44400
2000-11-19T03:59:15.000Z,6.83100,-3.76500,3.57100,-4.43100
2000-11-19T03:59:31.000Z,6.85200,-3.74700,3.68300,-4.38200
2000-11-19T03:59:47.000Z,6.79800,-3.73100,3.73800,-4.27200
2000-11-19T04:00:03.000Z,6.77800,-4.34900,3.58800,-3.69400
2000-11-19T04:00:19.000Z,6.81800,-4.33600,3.64800,-3.78500
2000-11-19T04:00:35.000Z,6.80600,-3.73300,3.76800,-4.25100
2000-11-19T04:00:51.000Z,6.82000,-3.63600,3.61300,-4.48800
2000-11-19T04:01:07.000Z,6.84800,-3.84400,3.49900,-4.43300
2000-11-19T04:01:23.000Z,6.83300,-4.14800,3.72700,-3.94400
2000-11-19T04:01:39.000Z,6.83900,-4.41000,3.49800,-3.87600
2000-11-19T04:01:55.000Z,6.83400,-4.36900,3.39800,-4.00100
2000-11-19T04:02:11.000Z,6.86500,-4.30500,3.25400,-4.23800
2000-11-19T04:02:27.000Z,6.85700,-4.28700,3.32000,-4.19200
2000-11-19T04:02:43.000Z,6.89600,-3.83700,3.68800,-4.36500
2000-11-19T04:02:59.000Z,6.87700,-3.82700,3.47600,-4.49800
2000-11-19T04:03:15.000Z,6.88000,-3.88400,3.48400,-4.47700
2000-11-19T04:03:31.000Z,6.88600,-3.94100,3.23300,-4.61100
2000-11-19T04:03:47.000Z,6.82600,-4.12400,4.03300,-3.63900
2000-11-19T04:04:03.000Z,6.76600,-3.87000,4.32100,-3.47100
2000-11-19T04:04:19.000Z,6.75700,-3.75800,4.37700,-3.49400
2000-11-19T04:04:35.000Z,6.67800,-3.91700,4.08200,-3.53500
2000-11-19T04:04:51.000Z,6.75300,-3.97000,4.11100,-3.59100
2000-11-19T04:05:07.000Z,6.75700,-3.74600,4.40100,-3.46700
2000-11-19T04:05:23.000Z,6.71000,-3.94100,4.17500,-3.46500
2000-11-19T04:05:39.000Z,6.63900,-3.75500,4.28700,-3.38500
2000-11-19T04:05:55.000Z,6.64700,-4.09400,4.07000,-3.27400
2000-11-19T04:06:11.000Z,6.61100,-3.30500,4.83000,-2.98200
2000-11-19T04:06:27.000Z,6.65900,-3.04200,5.05700,-3.02800
2000-11-19T04:06:43.000Z,6.63200,-3.36200,4.54000,-3.45900
2000-11-19T04:06:59.000Z,6.60400,-3.27500,4.43200,-3.62500
2000-11-19T04:07:15.000Z,6.60800,-3.47100,4.09700,-3.84200
2000-11-19T04:07:31.000Z,6.64700,-3.46800,4.17300,-3.83700
2000-11-19T04:07:47.000Z,6.65100,-3.18300,4.00800,-4.22900
2000-11-19T04:08:03.000Z,6.69200,-4.29600,4.27000,-2.67500
2000-11-19T04:08:19.000Z,6.72500,-4.33800,4.28700,-2.82600
2000-11-19T04:08:35.000Z,6.68100,-3.96800,4.26900,-3.25400
2000-11-19T04:08:51.000Z,6.67200,-4.10400,4.08600,-3.30600
2000-11-19T04:09:07.000Z,6.68000,-4.08000,4.02500,-3.42400
2000-11-19T04:09:23.000Z,6.66000,-4.20800,4.02300,-3.22800
2000-11-19T04:09:39.000Z,6.68200,-4.68000,3.54400,-3.18200
2000-11-19T04:09:55.000Z,6.69200,-4.34700,3.95800,-3.19200
2000-11-19T04:10:11.000Z,6.66400,-4.45400,3.92500,-3.01300
2000-11-19T04:10:27.000Z,6.67300,-3.97800,3.85000,-3.71300
2000-11-19T04:10:43.000Z,6.73900,-4.38600,3.94700,-3.24700
2000-11-19T04:10:59.000Z,6.68100,-4.44600,3.63700,-3.40300
2000-11-19T04:11:15.000Z,6.67000,-4.49200,3.69000,-3.25800
2000-11-19T04:11:31.000Z,6.62300,-4.63900,3.46400,-3.20200
2000-11-19T04:11:47.000Z,6.63600,-4.60600,3.55000,-3.18800
2000-11-19T04:12:03.000Z,6.62300,-4.82200,3.25400,-3.15200
2000-11-19T04:12:19.000Z,6.63900,-4.25600,3.65300,-3.54100
2000-11-19T04:12:35.000Z,6.63000,-3.84100,3.98500,-3.64500
2000-11-19T04:12:51.000Z,6.61100,-3.82400,3.92700,-3.69400
2000-11-19T04:13:07.000Z,6.73400,-3.62900,4.15100,-3.86000
2000-11-19T04:13:23.000Z,6.84100,-3.67100,4.18900,-3.96900
2000-11-19T04:13:39.000Z,6.70900,-3.67900,3.98900,-3.94400
2000-11-19T04:13:55.000Z,6.67700,-3.94700,3.70500,-3.90700
2000-11-19T04:14:11.000Z,6.67600,-3.76200,3.82800,-3.96200
2000-11-19T04:14:27.000Z,6.64400,-3.75700,3.75500,-3.98700
2000-11-19T04:14:43.000Z,6.66800,-3.91100,3.52200,-4.09200
2000-11-19T04:14:59.000Z,6.68200,-3.96900,3.46100,-4.11000
2000-11-19T04:15:15.000Z,6.64900,-3.98900,3.29200,-4.17600
2000-11-19T04:15:31.000Z,6.69200,-3.88000,3.30000,-4.32300
2000-11-19T04:15:47.000Z,6.65700,-3.96700,3.27300,-4.22100
2000-11-19T04:16:03.000Z,6.70600,-3.75900,3.30000,-4.43800
2000-11-19T04:16:19.000Z,6.75100,-3.99000,3.28500,-4.32600
2000-11-19T04:16:35.000Z,6.77100,-3.98600,3.18900,-4.44300
2000-11-19T04:16:51.000Z,6.76000,-4.01600,3.32300,-4.30300
2000-11-19T04:17:07.000Z,6.70700,-4.00200,3.12200,-4.36200
2000-11-19T04:17:23.000Z,6.59300,-3.90300,3.51200,-3.98000
2000-11-19T04:17:39.000Z,6.69300,-4.03800,3.51600,-4.00900
2000-11-19T04:17:55.000Z,6.77200,-3.85400,3.41200,-4.39700
2000-11-19T04:18:11.000Z,6.73700,-3.81600,3.54800,-4.26800
2000-11-19T04:18:27.000Z,6.78100,-3.85300,3.61500,-4.24800
2000-11-19T04:18:43.000Z,6.69500,-3.84700,3.58100,-4.14500
2000-11-19T04:18:59.000Z,6.48700,-3.74900,3.63500,-3.84300
2000-11-19T04:19:15.000Z,6.47400,-3.72000,3.70600,-3.78500
2000-11-19T04:19:31.000Z,6.46100,-3.67000,3.82900,-3.68800
2000-11-19T04:19:47.000Z,6.54000,-3.58900,3.73300,-3.98900
2000-11-19T04:20:03.000Z,6.63300,-4.00600,4.09700,-3.31500
2000-11-19T04:20:19.000Z,6.66500,-3.96100,4.12000,-3.42400
2000-11-19T04:20:35.000Z,6.67200,-3.88600,4.16800,-3.46800
2000-11-19T04:20:51.000Z,6.67400,-3.91400,4.35800,-3.18000
2000-11-19T04:21:07.000Z,6.66700,-3.90300,4.40700,-3.12400
2000-11-19T04:21:23.000Z,6.75000,-3.87900,4.44800,-3.27300
2000-11-19T04:21:39.000Z,6.74600,-3.82200,4.37600,-3.42600
2000-11-19T04:21:55.000Z,6.74900,-3.88700,4.22100,-3.55000
2000-11-19T04:22:11.000Z,6.64900,-3.91500,4.02100,-3.56300
2000-11-19T04:22:27.000Z,6.69400,-3.85100,4.14900,-3.57200
2000-11-19T04:22:43.000Z,6.65900,-3.93600,4.14900,-3.40700
2000-11-19T04:22:59.000Z,6.71600,-4.02300,4.19800,-3.35700
2000-11-19T04:23:15.000Z,6.69600,-3.95900,4.32700,-3.21800
2000-11-19T04:23:31.000Z,6.70700,-3.89500,4.50700,-3.07900
2000-11-19T04:23:47.000Z,6.61600,-3.72500,4.60400,-2.94500
2000-11-19T04:24:03.000Z,6.66600,-4.09200,4.39600,-2.88900
2000-11-19T04:24:19.000Z,6.62900,-3.84900,4.50500,-2.96000
2000-11-19T04:24:35.000Z,6.58700,-3.78200,4.53800,-2.90300
2000-11-19T04:24:51.000Z,6.52300,-3.72600,4.45800,-2.95000
2000-11-19T04:25:07.000Z,6.57900,-3.86000,4.31800,-3.10700
2000-11-19T04:25:23.000Z,6.59800,-4.33200,3.99100,-2.96700
2000-11-19T04:25:39.000Z,6.54100,-4.08200,4.27900,-2.78100
2000-11-19T04:25:55.000Z,6.55500,-4.22900,4.05600,-2.92300
2000-11-19T04:26:11.000Z,6.58200,-4.29900,3.81400,-3.19900
2000-11-19T04:26:27.000Z,6.58500,-4.12300,4.02100,-3.18700
2000-11-19T04:26:43.000Z,6.60300,-4.18600,3.99600,-3.17300
2000-11-19T04:26:59.000Z,6.54400,-4.21500,4.07200,-2.90700
2000-11-19T04:27:15.000Z,6.50100,-4.29400,3.97100,-2.83200
2000-11-19T04:27:31.000Z,6.54300,-4.20900,4.11600,-2.83500
2000-11-19T04:27:47.000Z,6.48700,-4.37900,3.70200,-3.02000
2000-11-19T04:28:03.000Z,6.20400,-3.81000,3.76500,-2.48900
2000-11-19T04:28:19.000Z,5.52700,-0.569000,5.45800,0.334000
2000-11-19T04:28:35.000Z,5.91900,-2.51400,5.24500,-1.03000
2000-11-19T04:28:51.000Z,5.88700,-2.27300,5.31500,-0.991000
2000-11-19T04:29:07.000Z,5.93500,-2.25200,5.39900,-0.980000
2000-11-19T04:29:23.000Z,5.87400,-2.69000,5.04400,-1.29200
2000-11-19T04:29:39.000Z,6.02300,-2.86500,5.16700,-1.10000
2000-11-19T04:29:55.000Z,6.04500,-3.03000,5.03100,-1.37900
2000-11-19T04:30:11.000Z,5.95400,-3.01100,4.98000,-1.19300
2000-11-19T04:30:27.000Z,6.01300,-3.00700,4.95000,-1.55200
2000-11-19T04:30:43.000Z,6.09800,-3.16700,4.92800,-1.63900
2000-11-19T04:30:59.000Z,6.17200,-3.44600,4.95400,-1.24000
2000-11-19T04:31:15.000Z,6.08900,-3.20600,4.99700,-1.30800
2000-11-19T04:31:31.000Z,6.15000,-4.07000,4.15000,-1.99700
2000-11-19T04:31:47.000Z,6.11200,-3.68400,4.62100,-1.47900
2000-11-19T04:32:03.000Z,6.13300,-3.99300,3.76300,-2.54500
2000-11-19T04:32:19.000Z,6.12100,-3.97700,3.46800,-3.08800
2000-11-19T04:32:35.000Z,6.13000,-4.04400,3.30700,-3.19800
2000-11-19T04:32:51.000Z,6.14500,-4.07400,3.04900,-3.43500
2000-11-19T04:33:07.000Z,6.11100,-4.10700,2.92900,-3.43700
2000-11-19T04:33:23.000Z,6.07000,-4.39300,3.30100,-2.54500
2000-11-19T04:33:39.000Z,6.07600,-4.53500,3.01400,-2.68300
2000-11-19T04:33:55.000Z,6.06000,-4.37200,3.04300,-2.87400
2000-11-19T04:34:11.000Z,6.06100,-4.35200,3.15500,-2.77100
2000-11-19T04:34:27.000Z,6.10900,-4.00100,3.63000,-2.84800
2000-11-19T04:34:43.000Z,6.10900,-4.02200,3.47300,-3.00900
2000-11-19T04:34:59.000Z,6.10400,-3.85000,3.69600,-2.95800
2000-11-19T04:35:15.000Z,6.04300,-3.85200,3.63900,-2.89600
2000-11-19T04:35:31.000Z,6.06800,-3.96600,3.64700,-2.77900
2000-11-19T04:35:47.000Z,5.98500,-3.92700,3.60600,-2.69000
2000-11-19T04:36:03.000Z,5.88100,-4.00300,3.41300,-2.62200
2000-11-19T04:36:19.000Z,5.89200,-3.90200,3.41700,-2.79000
2000-11-19T04:36:35.000Z,5.92800,-3.77300,3.50700,-2.93000
2000-11-19T04:36:51.000Z,5.87400,-3.92400,3.33800,-2.81100
2000-11-19T04:37:07.000Z,5.92900,-4.08900,3.19200,-2.86600
2000-11-19T04:37:23.000Z,5.93500,-3.84700,3.21100,-3.16800
2000-11-19T04:37:39.000Z,5.89200,-4.06700,2.99300,-3.03000
2000-11-19T04:37:55.000Z,5.89400,-4.06700,2.88400,-3.13400
2000-11-19T04:38:11.000Z,5.86700,-4.17500,2.87100,-2.94800
2000-11-19T04:38:27.000Z,5.78600,-4.28100,2.67500,-2.80600
2000-11-19T04:38:43.000Z,5.85000,-4.26700,2.95300,-2.67800
2000-11-19T04:38:59.000Z,5.87100,-3.79400,2.81300,-3.47800
2000-11-19T04:39:15.000Z,5.87400,-3.86900,2.78100,-3.41600
2000-11-19T04:39:31.000Z,5.89600,-3.97600,2.73600,-3.37400
2000-11-19T04:39:47.000Z,5.93800,-4.12400,2.84900,-3.17000
2000-11-19T04:40:03.000Z,5.93800,-4.20200,2.79300,-3.12000
2000-11-19T04:40:19.000Z,5.84400,-4.09800,2.60200,-3.24500
2000-11-19T04:40:35.000Z,5.84100,-3.92100,2.84000,-3.25300
2000-11-19T04:40:51.000Z,5.77400,-4.12600,2.74600,-2.86200
2000-11-19T04:41:07.000Z,5.69800,-4.22900,1.90100,-3.19300
2000-11-19T04:41:23.000Z,5.51900,-4.05800,1.82200,-3.20100
2000-11-19T04:41:39.000Z,5.63500,-3.95100,2.34400,-3.25400
2000-11-19T04:41:55.000Z,5.65400,-3.93200,2.64800,-3.05600
2000-11-19T04:42:11.000Z,5.53400,-3.99300,2.62600,-2.75800
2000-11-19T04:42:27.000Z,5.29900,-3.88500,1.86300,-3.05400
2000-11-19T04:42:43.000Z,5.30300,-3.47900,1.51500,-3.69600
2000-11-19T04:42:59.000Z,5.32700,-3.36000,1.17000,-3.92700
2000-11-19T04:43:15.000Z,5.42100,-3.48700,1.65000,-3.79500
2000-11-19T04:43:31.000Z,5.51400,-3.66200,1.80100,-3.70000
2000-11-19T04:43:47.000Z,5.52800,-3.74900,1.96000,-3.54800
2000-11-19T04:44:03.000Z,5.45700,-3.87700,1.71000,-3.40800
2000-11-19T04:44:19.000Z,5.55100,-4.17200,1.64300,-3.25500
2000-11-19T04:44:35.000Z,5.39600,-4.44700,1.39300,-2.61900
2000-11-19T04:44:51.000Z,5.19400,-3.93000,1.90300,-2.79600
2000-11-19T04:45:07.000Z,5.12400,-4.12600,1.49400,-2.58100
2000-11-19T04:45:23.000Z,4.90100,-4.02500,0.445000,-2.64800
2000-11-19T04:45:39.000Z,4.75100,-3.75400,1.44900,-2.48800
2000-11-19T04:45:55.000Z,4.68700,-3.66800,1.56500,-2.33800
2000-11-19T04:46:11.000Z,4.82300,-3.28300,2.20800,-2.69900
2000-11-19T04:46:27.000Z,4.85100,-3.40000,2.82700,-1.80900
2000-11-19T04:46:43.000Z,4.94400,-3.25800,3.32700,-1.05200
2000-11-19T04:46:59.000Z,5.24800,-3.43200,3.78500,0.555000
2000-11-19T04:47:15.000Z,5.28400,-2.73400,3.93900,-2.06800
2000-11-19T04:47:31.000Z,5.25400,-2.41400,3.88700,-2.43100
2000-11-19T04:47:47.000Z,5.39200,-2.58400,3.40100,-3.26000
2000-11-19T04:48:03.000Z,5.52900,-3.20800,2.64500,-3.58900
2000-11-19T04:48:19.000Z,5.45200,-3.05400,2.89700,-3.32700
2000-11-19T04:48:35.000Z,5.36200,-2.75700,3.39100,-2.90300
2000-11-19T04:48:51.000Z,5.24600,-3.37000,2.17900,-3.32500
2000-11-19T04:49:07.000Z,5.37200,-3.65400,2.48500,-2.95200
2000-11-19T04:49:23.000Z,5.45400,-3.97800,2.13000,-3.04900
2000-11-19T04:49:39.000Z,5.41900,-3.68500,2.62800,-2.95500
2000-11-19T04:49:55.000Z,5.41600,-3.31800,2.93800,-3.06900
2000-11-19T04:50:11.000Z,5.42900,-4.19100,2.21200,-2.63400
2000-11-19T04:50:27.000Z,5.50500,-4.44500,1.99300,-2.54200
2000-11-19T04:50:43.000Z,5.41300,-3.79700,2.44600,-2.90400
2000-11-19T04:50:59.000Z,5.43500,-3.54800,2.76800,-3.03000
2000-11-19T04:51:15.000Z,5.35400,-3.80600,2.53700,-2.77400
2000-11-19T04:51:31.000Z,5.39400,-3.83900,2.68500,-2.66200
2000-11-19T04:51:47.000Z,5.45500,-3.70300,2.79900,-2.85400
2000-11-19T04:52:03.000Z,5.43700,-3.70600,2.77400,-2.84900
2000-11-19T04:52:19.000Z,5.37100,-3.50900,2.88700,-2.85200
2000-11-19T04:52:35.000Z,5.38600,-3.65800,2.56000,-2.97900
2000-11-19T04:52:51.000Z,5.47000,-3.31300,3.29800,-2.82200
2000-11-19T04:53:07.000Z,5.37300,-3.41800,3.04700,-2.79900
2000-11-19T04:53:23.000Z,5.17000,-2.98800,3.03000,-2.84800
2000-11-19T04:53:39.000Z,4.86700,-1.69700,2.99200,-3.40800
2000-11-19T04:53:55.000Z,4.95600,-2.12200,3.04900,-3.25800
2000-11-19T04:54:11.000Z,4.95500,-2.29400,2.97100,-3.15900
2000-11-19T04:54:27.000Z,4.92800,-2.65800,2.90300,-2.91700
2000-11-19T04:54:43.000Z,5.43300,-3.48100,3.01900,-2.86200
2000-11-19T04:54:59.000Z,5.41200,-3.71200,2.79500,-2.67100
2000-11-19T04:55:15.000Z,5.38700,-4.03700,2.76500,-2.23800
2000-11-19T04:55:31.000Z,5.40300,-4.08000,2.77000,-2.12000
2000-11-19T04:55:47.000Z,5.47000,-4.19800,2.51800,-2.34000
2000-11-19T04:56:03.000Z,5.42200,-4.18700,2.60900,-2.20800
2000-11-19T04:56:19.000Z,5.59700,-3.62600,3.14900,-2.85200
2000-11-19T04:56:35.000Z,5.66200,-3.45900,3.26100,-3.07100
2000-11-19T04:56:51.000Z,5.68600,-3.11600,3.48900,-3.22900
2000-11-19T04:57:07.000Z,5.75300,-2.89500,3.72900,-3.27400
2000-11-19T04:57:23.000Z,5.73400,-3.35800,3.26300,-3.29400
2000-11-19T04:57:39.000Z,5.71900,-3.29800,3.33000,-3.23700
2000-11-19T04:57:55.000Z,5.74500,-3.31000,3.45500,-3.17300
2000-11-19T04:58:11.000Z,5.56300,-3.59800,3.27500,-2.66800
2000-11-19T04:58:27.000Z,5.62100,-3.61300,3.13100,-2.92000
2000-11-19T04:58:43.000Z,5.66100,-3.70900,2.87900,-3.14100
2000-11-19T04:58:59.000Z,5.66600,-3.56700,2.69500,-3.47800
2000-11-19T04:59:15.000Z,5.63500,-3.66800,2.60600,-3.38700
2000-11-19T04:59:31.000Z,5.53800,-3.90100,2.55800,-2.96900
2000-11-19T04:59:47.000Z,5.49600,-3.79500,2.61800,-2.96700
2000-11-19T05:00:03.000Z,5.42900,-3.80300,2.36200,-3.04900
2000-11-19T05:00:19.000Z,5.24500,-3.74400,2.44500,-2.72100
2000-11-19T05:00:35.000Z,4.99100,-3.41300,2.57100,-2.53700
2000-11-19T05:00:51.000Z,4.83300,-3.55800,2.74700,-1.64300
2000-11-19T05:01:07.000Z,4.89700,-3.36600,3.34000,-1.18600
2000-11-19T05:01:23.000Z,4.96500,-3.52100,3.32200,-1.06800
2000-11-19T05:01:39.000Z,4.86500,-3.64200,2.85100,-1.46600
2000-11-19T05:01:55.000Z,4.77400,-3.78500,2.29600,-1.77600
2000-11-19T05:02:11.000Z,4.66800,-3.60700,2.19000,-1.98500
2000-11-19T05:02:27.000Z,4.70100,-3.64200,2.11300,-2.07400
2000-11-19T05:02:43.000Z,4.86100,-3.77300,2.07600,-2.22200
2000-11-19T05:02:59.000Z,5.27700,-4.26800,1.70400,-2.58000
2000-11-19T05:03:15.000Z,6.55600,-5.46100,1.61200,-3.24700
2000-11-19T05:03:31.000Z,6.61700,-5.40400,1.72300,-3.40100
2000-11-19T05:03:47.000Z,6.50600,-5.30600,1.73400,-3.33500
2000-11-19T05:04:03.000Z,6.32900,-5.24900,1.47900,-3.19000
2000-11-19T05:04:19.000Z,6.29500,-5.16400,1.36400,-3.28500
2000-11-19T05:04:35.000Z,5.97600,-4.80100,1.78400,-3.03900
2000-11-19T05:04:51.000Z,4.83700,-4.12900,1.25200,-2.01900
2000-11-19T05:05:07.000Z,4.96500,-4.29300,1.32800,-2.04000
2000-11-19T05:05:23.000Z,5.15300,-4.24300,1.81100,-2.27300
2000-11-19T05:05:39.000Z,4.37100,-2.83000,2.76800,-1.17600
2000-11-19T05:05:55.000Z,4.11900,-2.02700,3.50300,-0.436000
2000-11-19T05:06:11.000Z,4.22300,-2.00600,3.61300,-0.641000
2000-11-19T05:06:27.000Z,4.16800,-2.49900,3.30700,-0.325000
2000-11-19T05:06:43.000Z,4.15800,-2.56400,3.19800,-0.650000
2000-11-19T05:06:59.000Z,4.14200,-2.19700,3.47000,-0.444000
2000-11-19T05:07:15.000Z,4.09800,-1.94400,3.54100,-0.619000
2000-11-19T05:07:31.000Z,4.07100,-1.67200,3.53300,-1.08300
2000-11-19T05:07:47.000Z,3.99500,-1.73000,3.37600,-1.18400
2000-11-19T05:08:03.000Z,4.29200,-2.06500,3.49700,-1.36700
2000-11-19T05:08:19.000Z,4.24700,-2.08700,3.19500,-1.83700
2000-11-19T05:08:35.000Z,4.17300,-2.38600,2.88400,-1.81700
2000-11-19T05:08:51.000Z,4.06300,-2.78500,2.69900,-0.637000
2000-11-19T05:09:07.000Z,4.16800,-2.77900,1.64900,2.27200
2000-11-19T05:09:23.000Z,4.03200,-1.94400,0.729000,3.41800
2000-11-19T05:09:39.000Z,3.46200,-2.04800,0.876000,2.59600
2000-11-19T05:09:55.000Z,3.59600,-1.82500,0.887000,2.55000
2000-11-19T05:10:11.000Z,4.27500,0.106000,-0.188000,4.25500
2000-11-19T05:10:27.000Z,4.56100,-0.426000,-0.0430000,4.49600
2000-11-19T05:10:43.000Z,4.69100,-0.617000,0.569000,4.60100
2000-11-19T05:10:59.000Z,4.56500,-0.474000,-0.00100000,4.50500
2000-11-19T05:11:15.000Z,4.51100,-0.495000,-0.307000,4.43000
2000-11-19T05:11:31.000Z,3.90300,0.169000,-0.0290000,3.88900
2000-11-19T05:11:47.000Z,3.71300,-0.741000,0.179000,3.44200
2000-11-19T05:12:03.000Z,3.70600,-1.01200,-0.0900000,3.49900
2000-11-19T05:12:19.000Z,3.71000,-0.408000,0.668000,3.38000
2000-11-19T05:12:35.000Z,3.83800,0.534000,-0.109000,3.72000
2000-11-19T05:12:51.000Z,3.44500,-0.354000,-1.82800,2.65700
2000-11-19T05:13:07.000Z,3.14100,-0.846000,-0.975000,2.58400
2000-11-19T05:13:23.000Z,3.41300,0.364000,0.776000,3.24000
2000-11-19T05:13:39.000Z,3.11500,0.467000,0.555000,2.75400
2000-11-19T05:13:55.000Z,2.89900,-0.174000,-1.04700,2.64100
2000-11-19T05:14:11.000Z,3.02000,-0.0710000,-1.07100,2.74300
2000-11-19T05:14:27.000Z,2.94000,-0.796000,-0.929000,2.45800
2000-11-19T05:14:43.000Z,2.75500,-1.58500,-1.23200,1.80300
2000-11-19T05:14:59.000Z,3.10200,-2.13100,-1.54500,1.55000
2000-11-19T05:15:15.000Z,3.02300,-2.41000,-1.28500,1.21900
2000-11-19T05:15:31.000Z,3.52800,-2.73900,-1.62100,1.49700
2000-11-19T05:15:47.000Z,3.59800,-3.18100,-0.450000,1.46400
2000-11-19T05:16:03.000Z,3.33700,-2.58100,-0.664000,1.66000
2000-11-19T05:16:19.000Z,3.28100,-2.09700,1.36000,1.62900
2000-11-19T05:16:35.000Z,3.19700,-2.71300,0.248000,1.23500
2000-11-19T05:16:51.000Z,3.17300,-2.95900,-0.894000,0.485000
2000-11-19T05:17:07.000Z,3.26800,-3.19300,-0.185000,-0.429000
2000-11-19T05:17:23.000Z,3.29100,-3.24700,-0.0540000,-0.465000
2000-11-19T05:17:39.000Z,3.18200,-3.15600,0.0930000,0.0380000
2000-11-19T05:17:55.000Z,3.15500,-3.06200,-0.483000,-0.368000
2000-11-19T05:18:11.000Z,3.08900,-2.87200,0.633000,-0.569000
2000-11-19T05:18:27.000Z,3.19700,-3.05700,0.505000,-0.512000
2000-11-19T05:18:43.000Z,3.26400,-2.79400,-1.47500,0.381000
2000-11-19T05:18:59.000Z,3.17600,-2.25800,1.12900,-1.81000
2000-11-19T05:19:15.000Z,3.36200,-2.80400,1.11100,-1.21600
2000-11-19T05:19:31.000Z,3.31300,-2.53100,1.14400,-1.66200
2000-11-19T05:19:47.000Z,3.09000,-1.39000,2.45500,-1.18800
2000-11-19T05:20:03.000Z,3.26200,-1.52700,2.57400,-1.18500
2000-11-19T05:20:19.000Z,3.25200,-1.69000,2.60800,-0.899000
2000-11-19T05:20:35.000Z,3.29800,-2.73600,1.49300,-0.872000
2000-11-19T05:20:51.000Z,3.18200,-2.39100,1.55400,-1.19700
2000-11-19T05:21:07.000Z,3.49900,-3.00400,1.13400,-1.30900
2000-11-19T05:21:23.000Z,3.74000,-3.06300,1.08900,-1.83900
2000-11-19T05:21:39.000Z,3.76600,-2.64600,1.62800,-2.08100
2000-11-19T05:21:55.000Z,3.57000,-2.37100,1.34300,-2.27200
2000-11-19T05:22:11.000Z,3.44800,-2.35800,1.27400,-2.13800
2000-11-19T05:22:27.000Z,3.34600,-2.60300,1.20900,-1.69300
2000-11-19T05:22:43.000Z,3.13400,-2.86300,0.773000,-0.943000
2000-11-19T05:22:59.000Z,3.09300,-2.87700,0.889000,-0.615000
2000-11-19T05:23:15.000Z,2.92100,-2.76800,0.752000,-0.507000
2000-11-19T05:23:31.000Z,3.17800,-3.10000,0.548000,-0.407000
2000-11-19T05:23:47.000Z,3.08200,-3.06400,0.303000,0.0590000
2000-11-19T05:24:03.000Z,2.95800,-2.94800,0.0550000,0.0160000
2000-11-19T05:24:19.000Z,2.90400,-2.89100,0.0280000,0.227000
2000-11-19T05:24:35.000Z,3.13900,-3.12200,0.190000,0.219000
2000-11-19T05:24:51.000Z,2.88400,-2.83300,0.512000,0.0780000
2000-11-19T05:25:07.000Z,2.82800,-2.81400,0.256000,-0.0270000
2000-11-19T05:25:23.000Z,2.31400,-2.27900,0.232000,0.251000
2000-11-19T05:25:39.000Z,1.86300,-1.78400,-0.0990000,0.432000
2000-11-19T05:25:55.000Z,3.23300,-3.16900,-0.362000,0.136000
2000-11-19T05:26:11.000Z,2.97800,-2.88100,-0.447000,0.466000
2000-11-19T05:26:27.000Z,3.06300,-2.93900,-0.438000,0.622000
2000-11-19T05:26:43.000Z,2.81900,-2.62800,-0.435000,0.904000
2000-11-19T05:26:59.000Z,2.41300,-2.17500,-0.471000,0.907000
2000-11-19T05:27:15.000Z,2.42800,-2.27800,-0.549000,0.606000
2000-11-19T05:27:31.000Z,2.72600,-2.64200,-0.544000,0.346000
2000-11-19T05:27:47.000Z,2.71300,-2.59400,-0.541000,0.554000
2000-11-19T05:28:03.000Z,2.75800,-2.69900,-0.348000,0.332000
2000-11-19T05:28:19.000Z,2.53100,-2.47600,-0.147000,0.482000
2000-11-19T05:28:35.000Z,1.62700,-1.59800,-0.160000,0.234000
2000-11-19T05:28:51.000Z,2.79900,-2.69800,-0.437000,0.573000
2000-11-19T05:29:07.000Z,2.98500,-2.93500,-0.186000,0.487000
2000-11-19T05:29:23.000Z,2.58600,-2.53000,-0.207000,0.476000
2000-11-19T05:29:39.000Z,3.02000,-2.89900,-0.363000,0.742000
2000-11-19T05:29:55.000Z,3.15900,-2.96100,-0.457000,0.995000
2000-11-19T05:30:11.000Z,3.22200,-3.03200,-0.580000,0.921000
2000-11-19T05:30:27.000Z,3.06800,-2.89500,-0.677000,0.748000
2000-11-19T05:30:43.000Z,3.37100,-3.17000,-0.781000,0.831000
2000-11-19T05:30:59.000Z,3.02700,-2.75800,-0.796000,0.956000
2000-11-19T05:31:15.000Z,2.91400,-2.64800,-0.725000,0.953000
2000-11-19T05:31:31.000Z,2.76800,-2.45900,-0.701000,1.05000
2000-11-19T05:31:47.000Z,2.60100,-2.28900,-0.603000,1.06300
2000-11-19T05:32:03.000Z,2.75500,-2.57700,-0.404000,0.884000
2000-11-19T05:32:19.000Z,2.23100,-2.11100,-0.260000,0.662000
2000-11-19T05:32:35.000Z,0.794000,-0.767000,-0.0730000,0.168000
2000-11-19T05:32:51.000Z,1.22100,-1.13200,-0.127000,0.422000
2000-11-19T05:33:07.000Z,1.50400,-1.42200,-0.278000,0.356000
2000-11-19T05:33:23.000Z,3.13800,-2.86900,-0.821000,0.950000
2000-11-19T05:33:39.000Z,2.89900,-2.65500,-0.761000,0.876000
2000-11-19T05:33:55.000Z,2.85500,-2.57700,-0.779000,0.945000
2000-11-19T05:34:11.000Z,3.24200,-2.94600,-0.821000,1.06900
2000-11-19T05:34:27.000Z,3.54700,-3.27700,-0.789000,1.09100
2000-11-19T05:34:43.000Z,3.21800,-2.97000,-0.593000,1.08100
2000-11-19T05:34:59.000Z,3.12600,-2.92900,-0.513000,0.957000
2000-11-19T05:35:15.000Z,3.10600,-2.91000,-0.497000,0.956000
2000-11-19T05:35:31.000Z,3.05900,-2.92000,-0.224000,0.860000
2000-11-19T05:35:47.000Z,3.01000,-2.89800,-0.158000,0.770000
2000-11-19T05:36:03.000Z,3.53200,-3.37900,-0.0510000,0.939000
2000-11-19T05:36:19.000Z,3.65600,-3.42100,0.615000,1.12400
2000-11-19T05:36:35.000Z,4.05000,-3.82400,0.501000,1.20700
2000-11-19T05:36:51.000Z,4.45400,-4.19400,-0.206000,1.45200
2000-11-19T05:37:07.000Z,4.81900,-4.51500,-0.681000,1.36300
2000-11-19T05:37:23.000Z,4.98200,-4.57300,-0.171000,1.90700
2000-11-19T05:37:39.000Z,5.17200,-4.87300,0.102000,1.71300
2000-11-19T05:37:55.000Z,5.20900,-4.99700,-0.00200000,1.45900
2000-11-19T05:38:11.000Z,5.21000,-4.86600,0.130000,1.82000
2000-11-19T05:38:27.000Z,5.00500,-4.66600,-0.472000,1.71400
2000-11-19T05:38:43.000Z,5.14400,-4.73600,0.344000,1.91800
2000-11-19T05:38:59.000Z,5.31800,-4.84800,1.25500,1.78100
2000-11-19T05:39:15.000Z,5.28100,-4.87500,1.06000,1.72600
2000-11-19T05:39:31.000Z,5.28000,-4.98700,0.740000,1.54100
2000-11-19T05:39:47.000Z,5.24700,-4.91600,0.300000,1.73700
2000-11-19T05:40:03.000Z,5.04500,-4.67500,-0.245000,1.75500
2000-11-19T05:40:19.000Z,5.05700,-4.73400,-0.225000,1.74700
2000-11-19T05:40:35.000Z,5.12000,-4.58800,0.231000,2.23900
2000-11-19T05:40:51.000Z,5.21700,-4.72700,0.464000,2.14800
2000-11-19T05:41:07.000Z,5.06600,-4.64800,0.240000,1.98800
2000-11-19T05:41:23.000Z,4.94900,-4.62900,0.0760000,1.74300
2000-11-19T05:41:39.000Z,4.98300,-4.63000,0.218000,1.81700
2000-11-19T05:41:55.000Z,4.76000,-4.40500,0.383000,1.75400
2000-11-19T05:42:11.000Z,4.39200,-4.14800,-0.0980000,1.15300
2000-11-19T05:42:27.000Z,4.45200,-4.18300,0.789000,0.909000
2000-11-19T05:42:43.000Z,4.57400,-4.11700,0.976000,1.63400
2000-11-19T05:42:59.000Z,4.46500,-3.91100,1.77900,1.12100
2000-11-19T05:43:15.000Z,4.37900,-3.92500,1.77900,0.756000
2000-11-19T05:43:31.000Z,4.63200,-4.12600,1.83100,1.00100
2000-11-19T05:43:47.000Z,4.38100,-3.74600,1.97400,0.952000
2000-11-19T05:44:03.000Z,4.26000,-3.71600,2.02300,0.367000
2000-11-19T05:44:19.000Z,4.27400,-3.79900,1.87800,0.513000
2000-11-19T05:44:35.000Z,3.92800,-3.41100,1.90800,0.295000
2000-11-19T05:44:51.000Z,2.79000,-2.36000,1.45100,0.237000
2000-11-19T05:45:07.000Z,3.23700,-2.74700,1.65000,0.416000
2000-11-19T05:45:23.000Z,4.08200,-3.52300,1.99900,0.488000
2000-11-19T05:45:39.000Z,4.28500,-3.73700,2.04400,0.429000
2000-11-19T05:45:55.000Z,4.36100,-3.64500,2.36500,0.155000
2000-11-19T05:46:11.000Z,4.42900,-3.26300,2.89600,-0.574000
2000-11-19T05:46:27.000Z,4.43800,-3.05700,3.19200,-0.325000
2000-11-19T05:46:43.000Z,4.47400,-3.10500,3.18400,-0.449000
2000-11-19T05:46:59.000Z,4.44300,-2.88800,3.32000,-0.575000
2000-11-19T05:47:15.000Z,4.40600,-3.07600,3.07700,-0.621000
2000-11-19T05:47:31.000Z,4.48400,-3.08700,3.16800,-0.663000
2000-11-19T05:47:47.000Z,4.61100,-3.26400,3.15500,-0.524000
2000-11-19T05:48:03.000Z,4.91500,-3.89300,2.68400,1.18600
2000-11-19T05:48:19.000Z,5.00300,-3.92600,2.94700,0.600000
2000-11-19T05:48:35.000Z,4.95000,-3.42800,3.10900,-1.54900
2000-11-19T05:48:51.000Z,4.86900,-3.36500,3.14500,-1.31800
2000-11-19T05:49:07.000Z,4.89300,-3.45700,3.32600,0.534000
2000-11-19T05:49:23.000Z,4.81000,-3.77700,2.92500,0.251000
2000-11-19T05:49:39.000Z,4.66600,-3.52000,3.01400,-0.429000
2000-11-19T05:49:55.000Z,5.03100,-4.28400,2.56500,0.352000
2000-11-19T05:50:11.000Z,5.30600,-4.49400,2.74500,0.637000
2000-11-19T05:50:27.000Z,5.25600,-4.46400,2.71900,0.495000
2000-11-19T05:50:43.000Z,5.22400,-4.41600,2.62900,0.828000
2000-11-19T05:50:59.000Z,5.48600,-4.73200,2.27400,1.45000
2000-11-19T05:51:15.000Z,5.49500,-4.68900,2.51600,1.03900
2000-11-19T05:51:31.000Z,5.17200,-4.20900,2.93100,0.429000
2000-11-19T05:51:47.000Z,4.98600,-3.92200,3.06400,0.150000
2000-11-19T05:52:03.000Z,5.13700,-4.20100,2.77000,0.906000
2000-11-19T05:52:19.000Z,5.24200,-4.31100,2.78500,0.745000
2000-11-19T05:52:35.000Z,5.13600,-4.20800,2.85200,-0.676000
2000-11-19T05:52:51.000Z,5.09500,-4.13000,2.81500,-0.967000
2000-11-19T05:53:07.000Z,4.99900,-4.38900,2.36900,-0.0800000
2000-11-19T05:53:23.000Z,5.15000,-4.15200,2.93500,-0.669000
2000-11-19T05:53:39.000Z,5.01300,-3.85200,2.90600,-1.34400
2000-11-19T05:53:55.000Z,4.95900,-3.63400,2.94200,-1.59400
2000-11-19T05:54:11.000Z,4.91900,-3.17700,3.36300,-1.65700
2000-11-19T05:54:27.000Z,5.04200,-3.19500,3.46300,-1.78800
2000-11-19T05:54:43.000Z,4.95100,-3.18700,3.40400,-1.65600
2000-11-19T05:54:59.000Z,4.84600,-3.27400,3.22200,-1.53800
2000-11-19T05:55:15.000Z,4.90800,-3.28800,3.26200,-1.61100
2000-11-19T05:55:31.000Z,4.99100,-3.31700,3.50700,-1.24300
2000-11-19T05:55:47.000Z,5.07900,-3.34600,3.46900,-1.54600
2000-11-19T05:56:03.000Z,5.14800,-3.71900,2.79800,-2.11800
2000-11-19T05:56:19.000Z,5.20300,-3.45700,2.99000,-2.42700
2000-11-19T05:56:35.000Z,5.31100,-3.61700,3.04700,-2.40900
2000-11-19T05:56:51.000Z,5.23200,-3.61900,3.08100,-2.17800
2000-11-19T05:57:07.000Z,5.16200,-3.65700,3.27200,-1.58700
2000-11-19T05:57:23.000Z,5.09800,-3.45500,3.44900,-1.45600
2000-11-19T05:57:39.000Z,5.10000,-3.38000,3.60000,-1.26700
2000-11-19T05:57:55.000Z,5.09800,-3.34600,3.63900,-1.22000
2000-11-19T05:58:11.000Z,5.12600,-3.25200,3.86000,-0.877000
2000-11-19T05:58:27.000Z,5.14400,-3.25800,3.88300,-0.857000
2000-11-19T05:58:43.000Z,5.34100,-3.47100,3.90500,-1.09100
2000-11-19T05:58:59.000Z,5.45200,-3.58200,3.99400,-0.959000
2000-11-19T05:59:15.000Z,5.37900,-3.44400,4.03900,-0.853000
2000-11-19T05:59:31.000Z,5.63500,-3.68600,3.85300,-1.51800
2000-11-19T05:59:47.000Z,5.89600,-3.83800,3.97700,-2.00200
