EPOCH_yyyy-mm-ddThh:mm:ss.sssZ,H_DENSITY_#/cc,SW_H_SPEED_km/s,H_TEMP_RADIAL_Kelvin,VX_(GSM)_km/s,VY_(GSM)_km/s,VZ_(GSM)_km/s
2000-11-19T00:00:51.000Z,6.51250,371.520,77070.0,-370.363,18.5130,21.4450
2000-11-19T00:01:55.000Z,6.58880,373.800,73988.0,-372.816,15.4500,20.9440
2000-11-19T00:02:59.000Z,7.15090,-1.00000e+31,81240.2,-1.00000e+31,-1.00000e+31,-1.00000e+31
2000-11-19T00:04:03.000Z,-1.00000e+31,-1.00000e+31,-1.00000e+31,-1.00000e+31,-1.00000e+31,-1.00000e+31
2000-11-19T00:05:07.000Z,5.19750,394.550,73108.5,-394.141,-16.2240,-9.96900
2000-11-19T00:06:11.000Z,4.94550,395.710,68801.9,-395.378,-15.2420,-7.74300
2000-11-19T00:07:15.000Z,4.91600,392.040,74651.6,-391.795,-14.0770,-3.76600
2000-11-19T00:08:19.000Z,4.90450,390.110,72862.5,-389.940,-12.0580,-2.26000
2000-11-19T00:09:23.000Z,4.99760,385.140,74359.2,-384.889,-14.4640,-3.29900
2000-11-19T00:10:27.000Z,4.96170,386.030,69424.2,-385.895,-10.9960,-1.44700
2000-11-19T00:11:31.000Z,4.99230,381.950,59046.3,-381.902,-6.43100,1.70700
2000-11-19T00:12:35.000Z,5.24270,394.410,72320.8,-394.253,-7.65600,7.95000
2000-11-19T00:13:39.000Z,5.47590,385.150,82122.7,-385.027,-10.0520,-3.35400
2000-11-19T00:14:43.000Z,4.46180,388.550,61307.3,-388.432,-10.2490,-2.65100
2000-11-19T00:15:47.000Z,5.43640,377.280,71740.8,-377.243,-5.92900,0.911000
2000-11-19T00:16:51.000Z,5.13100,383.140,59102.7,-383.045,-9.25600,-2.70200
2000-11-19T00:17:55.000Z,5.23420,379.840,60408.6,-379.822,-2.51800,1.60100
2000-11-19T00:18:59.000Z,5.16050,380.070,61019.7,-380.005,-7.44800,-1.95500
2000-11-19T00:20:03.000Z,4.61000,385.160,51130.7,-385.138,-4.94500,-2.70000
2000-11-19T00:21:07.000Z,5.45390,387.040,57535.3,-387.004,-5.96100,-1.73000
2000-11-19T00:22:11.000Z,6.07770,385.030,62926.3,-384.861,-9.91200,-7.78100
2000-11-19T00:23:15.000Z,5.26890,389.730,56014.4,-389.671,-6.10500,-5.41200
2000-11-19T00:24:19.000Z,5.44880,386.800,59396.0,-386.767,-5.07700,-3.17900
2000-11-19T00:25:23.000Z,5.23060,386.100,58441.5,-386.037,-7.89700,-1.68700
2000-11-19T00:26:27.000Z,5.15240,389.380,61303.6,-389.282,-9.39600,-3.37300
2000-11-19T00:27:31.000Z,5.74310,382.880,55536.1,-382.792,-7.81500,-5.16900
2000-11-19T00:28:35.000Z,5.17120,389.200,53817.1,-389.195,-2.55400,-1.38100
2000-11-19T00:29:39.000Z,5.18540,394.510,58925.4,-394.463,-7.18400,-0.699000
2000-11-19T00:30:43.000Z,5.08360,389.790,55736.7,-389.771,-3.87900,0.901000
2000-11-19T00:31:47.000Z,5.55020,383.150,64007.7,-383.084,-7.70000,-3.14900
2000-11-19T00:32:51.000Z,5.31760,385.610,53870.9,-385.597,-4.41700,-0.824000
2000-11-19T00:33:55.000Z,5.90570,384.720,56646.9,-384.647,-7.59600,-4.19500
2000-11-19T00:34:59.000Z,4.69090,382.690,48059.9,-382.572,-5.09000,-9.73300
2000-11-19T00:36:03.000Z,5.54710,383.130,62966.9,-383.107,-2.90900,2.13500
2000-11-19T00:37:07.000Z,-1.00000e+31,-1.00000e+31,-1.00000e+31,-1.00000e+31,-1.00000e+31,-1.00000e+31
2000-11-19T00:38:11.000Z,5.41850,390.290,55278.6,-390.284,0.300000,1.36400
2000-11-19T00:39:15.000Z,5.24630,384.740,52962.3,-384.737,0.799000,-1.38000
2000-11-19T00:40:19.000Z,5.70160,389.090,65942.9,-389.087,-2.01700,0.769000
2000-11-19T00:41:23.000Z,5.99880,373.800,56037.8,-373.694,-3.38800,-9.62000
2000-11-19T00:42:27.000Z,5.43780,380.100,56071.6,-379.920,-5.37100,-12.0410
2000-11-19T00:43:31.000Z,5.76200,375.710,55151.0,-375.505,-5.60000,-12.6120
2000-11-19T00:44:35.000Z,5.45990,375.890,54925.7,-375.748,-2.55400,-11.4120
2000-11-19T00:45:39.000Z,5.80670,377.070,61950.0,-376.911,-5.02500,-11.3860
2000-11-19T00:46:43.000Z,5.85590,373.940,58633.7,-373.665,-6.65900,-14.5420
2000-11-19T00:47:47.000Z,5.46530,375.930,62925.6,-375.570,-9.62000,-15.1930
2000-11-19T00:48:51.000Z,5.49380,375.500,60802.4,-375.200,-8.33700,-14.2690
2000-11-19T00:49:55.000Z,4.96460,373.630,54274.0,-373.212,-12.6850,-14.6720
2000-11-19T00:50:59.000Z,5.68310,380.180,62999.6,-379.944,-11.1540,-10.2690
2000-11-19T00:52:03.000Z,5.06030,378.320,68715.0,-378.043,-13.8830,-8.04000
2000-11-19T00:53:07.000Z,5.72150,372.610,65118.6,-371.874,-9.38100,-23.1730
2000-11-19T00:54:11.000Z,5.50410,371.990,69430.9,-371.261,-7.57000,-23.7750
2000-11-19T00:55:15.000Z,4.98630,362.210,61422.1,-361.236,-0.735000,-27.8590
2000-11-19T00:56:19.000Z,4.93950,363.980,56364.5,-363.522,-9.21600,-17.6160
2000-11-19T00:57:23.000Z,5.51230,362.700,66508.5,-362.296,-4.63600,-18.0830
2000-11-19T00:58:27.000Z,4.99300,356.020,63704.0,-355.346,7.95500,-21.3740
2000-11-19T00:59:31.000Z,5.46460,359.280,72938.8,-358.489,1.64300,-25.0570
2000-11-19T01:00:35.000Z,5.15800,362.020,57499.7,-361.133,-0.618000,-26.7740
2000-11-19T01:01:39.000Z,5.09420,364.800,50971.4,-363.506,2.00900,-31.9050
2000-11-19T01:02:43.000Z,5.06170,365.250,58469.0,-364.621,-6.08800,-22.3360
2000-11-19T01:03:47.000Z,5.21010,367.430,66436.0,-366.951,-8.05300,-18.7850
2000-11-19T01:04:51.000Z,4.78560,369.530,61446.7,-368.840,-12.9860,-20.7040
2000-11-19T01:05:55.000Z,5.04430,373.200,64236.7,-372.588,-15.1180,-17.6780
2000-11-19T01:06:59.000Z,4.87470,370.670,52208.1,-369.693,-4.52600,-28.1540
2000-11-19T01:08:03.000Z,5.55720,372.100,60895.4,-371.171,-5.90200,-27.2730
2000-11-19T01:09:07.000Z,5.13230,364.690,53890.7,-363.663,-2.62700,-28.8160
2000-11-19T01:10:11.000Z,-1.00000e+31,-1.00000e+31,-1.00000e+31,-1.00000e+31,-1.00000e+31,-1.00000e+31
2000-11-19T01:11:15.000Z,5.63890,370.920,60923.9,-369.764,-5.94100,-30.4440
2000-11-19T01:12:19.000Z,5.42640,373.700,59032.7,-372.485,-9.74500,-30.4160
2000-11-19T01:13:23.000Z,4.77430,376.730,53618.4,-375.213,-1.11500,-35.3440
2000-11-19T01:14:27.000Z,4.98480,365.550,69270.3,-365.452,4.62000,-7.54500
2000-11-19T01:15:31.000Z,5.18580,361.500,72160.6,-361.359,7.79500,2.73100
2000-11-19T01:16:35.000Z,4.94530,361.750,80723.8,-361.376,15.1270,0.110000
2000-11-19T01:17:39.000Z,5.31900,364.360,76467.9,-364.191,9.84500,-1.38400
2000-11-19T01:18:43.000Z,5.34830,362.670,68605.2,-362.629,3.13600,-4.20800
2000-11-19T01:19:47.000Z,5.44550,364.640,77015.4,-364.568,5.93500,-0.0480000
2000-11-19T01:20:51.000Z,5.04190,361.880,70474.6,-361.834,4.48200,-3.14800
2000-11-19T01:21:55.000Z,5.18850,358.970,71747.4,-358.927,3.18200,-4.51200
2000-11-19T01:22:59.000Z,4.96920,362.400,68684.0,-362.368,1.88400,1.51000
2000-11-19T01:24:03.000Z,5.11150,362.700,78034.6,-362.646,5.11400,-2.62600
2000-11-19T01:25:07.000Z,5.33140,361.920,76508.8,-361.771,6.58800,5.02100
2000-11-19T01:26:11.000Z,4.88200,367.830,65463.7,-367.821,-2.63900,-3.15000
2000-11-19T01:27:15.000Z,5.10510,360.030,79621.9,-359.819,5.57600,-11.6460
2000-11-19T01:28:19.000Z,5.00730,361.970,71068.8,-361.797,0.895000,-12.7440
2000-11-19T01:29:23.000Z,5.71450,361.480,79014.0,-361.005,5.71800,-18.7230
2000-11-19T01:30:27.000Z,5.25170,362.360,74027.0,-361.493,4.84300,-25.9780
2000-11-19T01:31:31.000Z,5.27260,363.070,76541.7,-362.539,4.86800,-20.2000
2000-11-19T01:32:35.000Z,5.05750,363.850,60194.1,-363.491,-4.07900,-17.6860
2000-11-19T01:33:39.000Z,4.92110,361.830,62703.1,-361.760,0.256000,-8.67800
2000-11-19T01:34:43.000Z,5.06090,363.950,69905.8,-363.899,-2.00700,-7.93300
2000-11-19T01:35:47.000Z,5.48480,363.500,73129.9,-363.392,7.07700,1.20300
2000-11-19T01:36:51.000Z,5.05570,361.560,67481.0,-361.537,-0.358000,-5.38700
2000-11-19T01:37:55.000Z,5.43420,363.170,68448.3,-363.162,-0.634000,-0.574000
2000-11-19T01:38:59.000Z,5.16320,358.260,69995.2,-358.184,5.70600,-4.04100
2000-11-19T01:40:03.000Z,5.12510,357.750,69011.6,-357.542,2.87800,-13.0310
2000-11-19T01:41:07.000Z,5.78490,360.890,81399.4,-360.677,4.43200,-12.5700
2000-11-19T01:42:11.000Z,5.12130,362.900,73079.9,-362.681,2.25800,-13.7180
2000-11-19T01:43:15.000Z,-1.00000e+31,-1.00000e+31,-1.00000e+31,-1.00000e+31,-1.00000e+31,-1.00000e+31
2000-11-19T01:44:19.000Z,6.26270,373.200,115466.,-371.965,18.5970,-24.5370
2000-11-19T01:45:23.000Z,6.32780,370.750,104073.,-369.601,18.3490,-23.1160
2000-11-19T01:46:27.000Z,6.76800,371.920,113452.,-370.820,21.0820,-19.3660
2000-11-19T01:47:31.000Z,6.70670,375.730,119220.,-374.879,19.2700,-16.0880
2000-11-19T01:48:35.000Z,6.90230,375.270,117229.,-374.160,21.2560,-19.5370
2000-11-19T01:49:39.000Z,6.88910,373.810,109694.,-372.631,22.3010,-19.3640
2000-11-19T01:50:43.000Z,6.64890,373.380,120572.,-372.256,22.8970,-17.2390
2000-11-19T01:51:47.000Z,6.63150,372.450,106416.,-371.437,19.4420,-19.4970
2000-11-19T01:52:51.000Z,6.57880,375.500,111199.,-374.033,22.6900,-24.4140
2000-11-19T01:53:55.000Z,6.15390,371.310,130268.,-370.184,22.3630,-17.9510
2000-11-19T01:54:59.000Z,6.15510,372.330,125775.,-371.400,20.6490,-15.8670
2000-11-19T01:56:03.000Z,6.17800,369.810,113712.,-369.099,18.2200,-13.4250
2000-11-19T01:57:07.000Z,6.33210,372.240,111887.,-371.621,17.3070,-11.8710
2000-11-19T01:58:11.000Z,6.14370,371.830,98810.9,-371.459,14.8940,-3.98000
2000-11-19T01:59:15.000Z,6.11240,373.200,98120.5,-372.893,13.2320,-4.83900
2000-11-19T02:00:19.000Z,5.89240,375.690,88419.4,-375.378,13.6590,-2.84900
2000-11-19T02:01:23.000Z,6.28880,375.930,107386.,-375.269,20.2130,-5.79600
2000-11-19T02:02:27.000Z,6.17640,366.760,133333.,-364.882,30.1340,-20.9580
2000-11-19T02:03:31.000Z,6.29090,367.280,127089.,-366.062,23.5510,-17.9880
2000-11-19T02:04:35.000Z,6.28740,368.860,125575.,-367.856,17.9000,-20.7280
2000-11-19T02:05:39.000Z,6.41250,377.170,115353.,-376.307,23.5610,-4.87900
2000-11-19T02:06:43.000Z,7.18050,380.340,102518.,-380.064,12.2220,-5.50800
2000-11-19T02:07:47.000Z,7.05710,377.310,118133.,-376.595,21.4290,-4.51600
2000-11-19T02:08:51.000Z,7.29800,390.180,90239.8,-389.853,12.0450,6.35100
2000-11-19T02:09:55.000Z,6.69600,379.000,104050.,-378.443,18.8420,-1.17900
2000-11-19T02:10:59.000Z,6.60200,387.140,86225.2,-386.772,15.0060,-0.190000
2000-11-19T02:12:03.000Z,6.84350,380.770,97485.1,-380.075,21.2550,-2.51300
2000-11-19T02:13:07.000Z,7.09080,381.310,96647.2,-380.542,22.2680,0.950000
2000-11-19T02:14:11.000Z,6.82190,380.370,100657.,-379.654,21.4870,-2.52100
2000-11-19T02:15:15.000Z,6.51960,380.240,101526.,-379.719,18.1760,-2.28400
2000-11-19T02:16:19.000Z,-1.00000e+31,-1.00000e+31,-1.00000e+31,-1.00000e+31,-1.00000e+31,-1.00000e+31
2000-11-19T02:17:23.000Z,7.04970,381.830,99878.7,-380.403,31.1810,-1.55200
2000-11-19T02:18:27.000Z,6.99040,380.010,107050.,-378.796,28.4680,0.00500000
2000-11-19T02:19:31.000Z,7.19660,380.580,128160.,-378.680,36.1190,-4.03600
2000-11-19T02:20:35.000Z,7.06980,382.920,97976.7,-381.413,31.6520,3.80200
2000-11-19T02:21:39.000Z,7.65640,380.850,84783.0,-378.694,37.6500,6.87600
2000-11-19T02:22:43.000Z,7.50210,371.260,100983.,-369.547,33.7700,-1.45500
2000-11-19T02:23:47.000Z,7.33050,378.200,76345.3,-375.107,45.8310,5.52400
2000-11-19T02:24:51.000Z,6.92380,377.740,84052.4,-375.130,41.6980,6.28800
2000-11-19T02:25:55.000Z,6.58690,381.370,90037.0,-378.222,46.4660,5.52100
2000-11-19T02:26:59.000Z,7.04240,374.250,90598.0,-372.082,37.7280,4.79800
2000-11-19T02:28:03.000Z,7.53740,375.450,91491.3,-373.296,37.8120,3.81600
2000-11-19T02:29:07.000Z,6.89400,372.230,91100.0,-370.106,37.7610,-0.674000
2000-11-19T02:30:11.000Z,7.13060,372.510,91962.0,-370.289,38.5140,2.23900
2000-11-19T02:31:15.000Z,6.74340,376.250,92444.9,-373.141,46.1990,1.46000
2000-11-19T02:32:19.000Z,7.72710,376.400,107738.,-373.691,43.1550,-0.774000
2000-11-19T02:33:23.000Z,6.84060,377.210,111596.,-374.380,44.2140,-3.06800
2000-11-19T02:34:27.000Z,6.98410,374.770,106353.,-372.281,41.1500,-0.104000
2000-11-19T02:35:31.000Z,6.87480,384.790,98771.3,-381.382,48.6680,-9.11000
2000-11-19T02:36:35.000Z,6.96530,388.210,94758.6,-384.360,51.7470,-11.6730
2000-11-19T02:37:39.000Z,6.38370,386.040,95610.8,-382.954,46.2720,-8.82700
2000-11-19T02:38:43.000Z,7.31590,385.700,120767.,-380.794,59.0980,-7.60900
2000-11-19T02:39:47.000Z,5.28300,374.390,83044.6,-374.172,-5.01800,-14.6400
2000-11-19T02:40:51.000Z,4.95240,374.250,68734.6,-374.083,-10.8170,-8.88200
2000-11-19T02:41:55.000Z,5.04160,375.050,65570.0,-374.959,-7.46400,-8.28200
2000-11-19T02:42:59.000Z,6.19470,376.030,92518.4,-375.981,-7.66800,-4.84200
2000-11-19T02:44:03.000Z,5.85920,381.630,93282.6,-381.611,-2.70400,-5.40300
2000-11-19T02:45:07.000Z,5.83250,385.670,94125.7,-385.641,1.55000,-5.25100
2000-11-19T02:46:11.000Z,5.79870,367.170,80419.4,-367.121,3.74400,-0.949000
2000-11-19T02:47:15.000Z,6.13900,385.230,111530.,-384.953,-16.5120,-2.42500
2000-11-19T02:48:19.000Z,5.03470,400.300,91571.7,-400.132,-13.6140,-0.390000
2000-11-19T02:49:23.000Z,-1.00000e+31,-1.00000e+31,-1.00000e+31,-1.00000e+31,-1.00000e+31,-1.00000e+31
2000-11-19T02:50:27.000Z,5.04120,403.760,83249.1,-403.595,-13.3500,-0.612000
2000-11-19T02:51:31.000Z,4.76670,403.670,83620.1,-403.326,-18.3800,-5.25400
2000-11-19T02:52:35.000Z,4.59650,401.990,84104.9,-401.774,-15.2600,-3.13400
2000-11-19T02:53:39.000Z,4.96660,397.340,86305.7,-397.255,-9.77700,0.0960000
2000-11-19T02:54:43.000Z,4.72430,394.960,87960.3,-394.881,-9.76200,-3.79600
2000-11-19T02:55:47.000Z,4.76490,383.840,67576.3,-383.748,-10.1770,-5.07800
2000-11-19T02:56:51.000Z,4.06370,385.610,67679.9,-385.526,-9.87000,-3.98000
2000-11-19T02:57:55.000Z,4.98520,388.900,77233.0,-388.809,-10.4930,-1.25200
2000-11-19T02:58:59.000Z,4.84350,388.730,74505.6,-388.719,-5.04600,-3.03100
2000-11-19T03:00:03.000Z,5.19760,384.670,72963.8,-384.668,-2.37200,-0.539000
2000-11-19T03:01:07.000Z,5.62740,385.410,84480.8,-385.384,-3.48900,1.73100
2000-11-19T03:02:11.000Z,4.44200,378.400,62838.6,-378.354,-3.68700,3.16100
2000-11-19T03:03:15.000Z,4.75940,385.300,74717.7,-385.223,-9.38200,0.148000
2000-11-19T03:04:19.000Z,5.17090,383.990,75033.9,-383.897,-7.44900,4.23900
2000-11-19T03:05:23.000Z,5.33710,383.430,72517.1,-383.396,-4.73700,2.13200
2000-11-19T03:06:27.000Z,5.03080,382.700,68893.1,-382.626,-2.76700,5.04300
2000-11-19T03:07:31.000Z,4.85560,381.400,78581.3,-381.385,-4.70500,-3.59100
2000-11-19T03:08:35.000Z,5.21130,381.760,82305.5,-381.682,-9.73800,-0.519000
2000-11-19T03:09:39.000Z,5.48630,380.660,78612.7,-380.462,-10.2630,6.96900
2000-11-19T03:10:43.000Z,5.09440,379.390,85844.3,-379.250,-8.28100,6.00100
2000-11-19T03:11:47.000Z,4.97050,381.820,79583.6,-381.750,-8.12800,1.75700
2000-11-19T03:12:51.000Z,4.64940,385.280,76071.5,-385.161,-10.9270,1.66100
2000-11-19T03:13:55.000Z,4.72770,379.290,80257.9,-379.111,-13.0830,2.21500
2000-11-19T03:14:59.000Z,4.52970,384.670,84297.8,-384.189,-21.1970,0.653000
2000-11-19T03:16:03.000Z,4.29000,387.750,80176.5,-387.544,-14.4430,0.467000
2000-11-19T03:17:07.000Z,4.61680,388.460,86941.2,-388.106,-18.6670,-0.833000
2000-11-19T03:18:11.000Z,4.98770,388.890,65547.2,-388.883,-4.14700,-0.241000
2000-11-19T03:19:15.000Z,6.14410,380.030,82281.0,-379.360,18.2070,7.20400
2000-11-19T03:20:19.000Z,6.17250,379.940,84244.1,-379.407,17.2520,2.85100
2000-11-19T03:21:23.000Z,6.11870,378.750,89499.2,-378.201,16.5400,5.66500
2000-11-19T03:22:27.000Z,-1.00000e+31,-1.00000e+31,-1.00000e+31,-1.00000e+31,-1.00000e+31,-1.00000e+31
2000-11-19T03:23:31.000Z,5.55940,372.940,76120.0,-372.641,10.7900,5.20500
2000-11-19T03:24:35.000Z,5.61590,373.050,72864.0,-372.626,12.0740,8.28000
2000-11-19T03:25:39.000Z,5.99560,375.070,76979.4,-374.560,13.6350,9.21100
2000-11-19T03:26:43.000Z,5.28880,376.270,72629.7,-375.898,13.2420,3.67600
2000-11-19T03:27:47.000Z,5.60500,376.350,71234.4,-375.995,12.3590,4.67700
2000-11-19T03:28:51.000Z,5.79770,374.740,73684.6,-374.332,9.99500,9.97800
2000-11-19T03:29:55.000Z,5.51970,374.350,76096.6,-374.278,4.53500,0.588000
2000-11-19T03:30:59.000Z,5.26370,375.500,71251.2,-375.104,10.9920,8.62100
2000-11-19T03:32:03.000Z,5.24740,372.030,71563.4,-371.594,11.7800,9.04000
2000-11-19T03:33:07.000Z,5.29000,372.320,74726.9,-372.086,8.02700,5.84800
2000-11-19T03:34:11.000Z,5.17920,371.370,70833.5,-370.885,12.6250,9.26200
2000-11-19T03:35:15.000Z,5.46030,372.540,77043.0,-372.147,10.3720,9.08000
2000-11-19T03:36:19.000Z,5.22690,375.470,66112.2,-375.040,11.5020,9.01300
2000-11-19T03:37:23.000Z,5.29700,373.860,71397.1,-373.398,10.9950,10.6500
2000-11-19T03:38:27.000Z,5.09800,372.940,69690.6,-372.511,10.5300,10.0170
2000-11-19T03:39:31.000Z,5.26840,377.830,69853.9,-377.216,12.9440,12.7910
2000-11-19T03:40:35.000Z,5.31530,370.960,79916.2,-370.663,12.2920,0.457000
2000-11-19T03:41:39.000Z,5.22400,371.340,89999.5,-371.094,10.8970,-4.95300
2000-11-19T03:42:43.000Z,5.60260,367.690,87110.0,-367.464,10.5200,-3.41600
2000-11-19T03:43:47.000Z,5.69190,372.150,87075.0,-371.907,10.5410,0.949000
2000-11-19T03:44:51.000Z,5.41750,372.940,76976.2,-372.589,11.9200,5.20200
2000-11-19T03:45:55.000Z,5.76470,370.490,81686.7,-370.177,11.5570,3.92700
2000-11-19T03:46:59.000Z,5.88560,370.960,77904.1,-370.636,11.6650,4.46200
2000-11-19T03:48:03.000Z,5.43450,374.630,77967.8,-374.298,12.4550,2.84300
2000-11-19T03:49:07.000Z,5.44070,376.070,71175.8,-375.756,11.4050,4.52400
2000-11-19T03:50:11.000Z,5.50390,375.510,78758.8,-375.196,12.4330,1.46100
2000-11-19T03:51:15.000Z,5.58940,375.120,83516.2,-374.752,12.1940,5.69300
2000-11-19T03:52:19.000Z,5.50930,374.480,78559.0,-373.904,16.9920,5.05700
2000-11-19T03:53:23.000Z,5.61950,375.940,76129.5,-375.430,13.8790,8.41500
2000-11-19T03:54:27.000Z,5.04700,373.390,81445.4,-372.818,16.9940,4.81800
2000-11-19T03:55:31.000Z,-1.00000e+31,-1.00000e+31,-1.00000e+31,-1.00000e+31,-1.00000e+31,-1.00000e+31
2000-11-19T03:56:35.000Z,5.51000,373.210,81928.1,-372.551,17.5610,7.22100
2000-11-19T03:57:39.000Z,5.17430,378.290,72921.1,-377.700,15.6800,8.58100
2000-11-19T03:58:43.000Z,5.72750,375.950,78259.1,-375.376,16.0830,6.93300
2000-11-19T03:59:47.000Z,5.42920,374.730,77903.4,-374.034,17.4150,8.79700
2000-11-19T04:00:51.000Z,5.33160,375.260,82594.0,-374.697,16.0880,6.39600
2000-11-19T04:01:55.000Z,5.51840,369.360,87547.8,-368.832,16.9060,1.30800
2000-11-19T04:02:59.000Z,5.95170,374.350,83046.8,-373.888,13.8100,6.81400
2000-11-19T04:04:03.000Z,5.34420,371.950,84047.5,-371.622,12.2100,2.90500
2000-11-19T04:05:07.000Z,5.83450,373.810,87926.9,-373.620,9.15600,0.141000
2000-11-19T04:06:11.000Z,5.59130,370.190,89877.1,-369.785,14.3200,2.23900
2000-11-19T04:07:15.000Z,5.25320,377.380,81836.5,-376.902,15.1220,4.69300
2000-11-19T04:08:19.000Z,5.38630,368.730,90016.5,-368.418,12.5870,-3.44000
2000-11-19T04:09:23.000Z,5.45290,372.300,89760.4,-371.749,16.9870,3.36300
2000-11-19T04:10:27.000Z,5.83610,370.080,92051.3,-369.648,14.8080,2.44700
2000-11-19T04:11:31.000Z,5.65510,367.400,95558.7,-366.811,18.2770,-0.424000
2000-11-19T04:12:35.000Z,5.79540,370.440,96679.2,-369.769,19.2180,2.96100
2000-11-19T04:13:39.000Z,5.51170,373.050,87189.1,-372.445,16.9620,6.05200
2000-11-19T04:14:43.000Z,5.51120,373.590,87188.5,-372.890,18.7880,5.93700
2000-11-19T04:15:47.000Z,5.32880,372.380,86344.1,-371.317,23.5700,8.04700
2000-11-19T04:16:51.000Z,5.33970,372.450,85746.8,-371.544,21.2330,8.08900
2000-11-19T04:17:55.000Z,5.10310,380.780,95627.9,-379.566,27.7370,-5.36000
2000-11-19T04:18:59.000Z,5.27180,379.420,93186.7,-378.425,24.5770,1.69900
2000-11-19T04:20:03.000Z,5.10900,374.300,94775.7,-373.474,21.9070,1.96200
2000-11-19T04:21:07.000Z,5.52350,371.000,92545.5,-370.584,14.5230,1.88300
2000-11-19T04:22:11.000Z,5.49670,374.870,96274.1,-374.160,20.0450,2.43700
2000-11-19T04:23:15.000Z,5.47620,372.000,94556.7,-371.516,15.9360,2.06400
2000-11-19T04:24:19.000Z,5.47990,373.190,98622.2,-372.780,14.8520,-2.23100
2000-11-19T04:25:23.000Z,5.22920,374.270,89976.0,-373.659,18.7530,0.183000
2000-11-19T04:26:27.000Z,5.51640,372.790,97671.9,-372.097,20.0540,0.591000
2000-11-19T04:27:31.000Z,5.38710,371.980,102364.,-371.417,17.8060,-3.61200
2000-11-19T04:28:35.000Z,-1.00000e+31,-1.00000e+31,-1.00000e+31,-1.00000e+31,-1.00000e+31,-1.00000e+31
2000-11-19T04:29:39.000Z,6.15910,379.950,104187.,-379.652,8.63100,-12.3360
2000-11-19T04:30:43.000Z,5.29810,380.040,95989.7,-379.596,11.7250,-13.9390
2000-11-19T04:31:47.000Z,5.32530,376.940,111094.,-376.209,18.9570,-11.4960
2000-11-19T04:32:51.000Z,5.77090,374.780,103964.,-373.812,24.3100,-0.637000
2000-11-19T04:33:55.000Z,5.36040,373.670,123251.,-372.700,23.2670,-10.0060
2000-11-19T04:34:59.000Z,5.62430,376.150,101472.,-375.342,21.9390,-4.41800
2000-11-19T04:36:03.000Z,5.25650,377.070,108860.,-376.295,19.8870,-11.0180
2000-11-19T04:37:07.000Z,4.97270,378.240,116808.,-377.479,19.6500,-11.4350
2000-11-19T04:38:11.000Z,5.65620,374.300,112628.,-373.472,22.3510,-2.98600
2000-11-19T04:39:15.000Z,5.43400,379.370,106198.,-378.299,25.8460,-3.08800
2000-11-19T04:40:19.000Z,5.72270,375.580,110381.,-374.405,27.0040,-4.91900
2000-11-19T04:41:23.000Z,6.10620,376.340,112362.,-374.276,36.8160,-2.77600
2000-11-19T04:42:27.000Z,5.67640,376.780,130584.,-375.408,28.8340,-9.26100
2000-11-19T04:43:31.000Z,5.61300,382.600,110201.,-380.808,34.3120,-4.52500
2000-11-19T04:44:35.000Z,4.87830,378.080,138889.,-376.370,31.1090,-14.7810
2000-11-19T04:45:39.000Z,5.44340,380.370,142788.,-378.443,32.8190,-16.6330
2000-11-19T04:46:43.000Z,5.97230,382.630,114713.,-381.795,19.1000,-15.2300
2000-11-19T04:47:47.000Z,5.28680,387.430,116538.,-386.916,16.4740,-8.19500
2000-11-19T04:48:51.000Z,5.15550,382.940,121873.,-381.908,25.2640,-6.37500
2000-11-19T04:49:55.000Z,5.50930,379.460,119410.,-378.371,25.6750,-7.25500
2000-11-19T04:50:59.000Z,5.94500,376.940,129095.,-375.623,28.7000,-5.98600
2000-11-19T04:52:03.000Z,5.36810,378.840,121562.,-377.589,27.3110,-9.36400
2000-11-19T04:53:07.000Z,5.54150,379.830,118851.,-378.619,27.2760,-7.73000
2000-11-19T04:54:11.000Z,5.93780,376.980,116995.,-376.090,23.2720,-3.06800
2000-11-19T04:55:15.000Z,5.55600,372.880,130768.,-370.870,32.9540,-17.4310
2000-11-19T04:56:19.000Z,5.95410,373.990,126517.,-372.770,25.5620,-13.0860
2000-11-19T04:57:23.000Z,5.58720,381.300,107176.,-380.086,27.7170,-4.84100
2000-11-19T04:58:27.000Z,5.56370,376.490,112280.,-375.341,25.6980,-10.1120
2000-11-19T04:59:31.000Z,5.83320,377.750,119467.,-376.268,30.3190,-8.10800
2000-11-19T05:00:35.000Z,5.39940,379.430,135385.,-378.177,26.5570,-12.0730
2000-11-19T05:01:39.000Z,-1.00000e+31,-1.00000e+31,-1.00000e+31,-1.00000e+31,-1.00000e+31,-1.00000e+31
2000-11-19T05:02:43.000Z,5.25530,370.240,135137.,-369.253,22.7440,-11.6830
2000-11-19T05:03:47.000Z,5.22510,374.360,108069.,-372.527,33.8880,-8.39400
2000-11-19T05:04:51.000Z,4.94400,379.590,143625.,-377.728,31.8560,-17.1150
2000-11-19T05:05:55.000Z,5.92330,380.370,134620.,-379.076,25.3410,-16.3080
2000-11-19T05:06:59.000Z,5.09580,381.030,125780.,-379.792,23.7580,-17.8760
2000-11-19T05:08:03.000Z,5.72290,379.910,118926.,-379.104,20.4700,-11.3440
2000-11-19T05:09:07.000Z,5.46480,381.370,150695.,-379.316,28.8250,-26.0940
2000-11-19T05:10:11.000Z,6.18650,387.090,146402.,-383.463,31.9780,-42.1910
2000-11-19T05:11:15.000Z,6.20710,389.890,119389.,-384.963,40.0650,-46.8450
2000-11-19T05:12:19.000Z,5.06840,387.690,133960.,-384.958,20.9820,-41.6250
2000-11-19T05:13:23.000Z,5.88930,389.760,146770.,-386.607,32.1810,-37.3980
2000-11-19T05:14:27.000Z,5.79530,391.550,145655.,-387.666,40.1400,-36.8310
2000-11-19T05:15:31.000Z,6.11740,380.400,142935.,-376.275,46.7900,-28.2550
2000-11-19T05:16:35.000Z,5.67090,382.900,142754.,-380.132,33.3160,-30.7890
2000-11-19T05:17:39.000Z,5.81660,378.670,155960.,-375.889,39.8490,-19.4710
2000-11-19T05:18:43.000Z,6.38410,375.600,162999.,-372.706,40.6860,-19.3070
2000-11-19T05:19:47.000Z,6.04530,380.450,153169.,-379.566,21.9600,-10.3420
2000-11-19T05:20:51.000Z,6.28200,376.370,154950.,-374.980,27.9320,-12.8280
2000-11-19T05:21:55.000Z,5.85740,380.850,150260.,-379.691,27.0360,-4.25800
2000-11-19T05:22:59.000Z,5.77900,383.360,151417.,-381.743,31.3950,-11.1180
2000-11-19T05:24:03.000Z,5.61770,379.480,141951.,-377.676,31.1330,-17.2230
2000-11-19T05:25:07.000Z,6.15870,380.270,143433.,-378.523,30.3310,-17.6640
2000-11-19T05:26:11.000Z,5.26770,380.470,152034.,-377.915,37.0490,-21.2520
2000-11-19T05:27:15.000Z,6.56850,380.510,150282.,-377.376,40.7960,-24.3760
2000-11-19T05:28:19.000Z,-1.00000e+31,-1.00000e+31,-1.00000e+31,-1.00000e+31,-1.00000e+31,-1.00000e+31
2000-11-19T05:29:23.000Z,5.98390,376.780,145756.,-373.743,39.3410,-24.9110
2000-11-19T05:30:27.000Z,6.01340,379.840,152906.,-376.500,40.0720,-28.6440
2000-11-19T05:31:31.000Z,5.98020,380.860,144074.,-377.807,37.6420,-28.5760
2000-11-19T05:32:35.000Z,6.22820,379.480,143071.,-377.014,33.2690,-26.1720
2000-11-19T05:33:39.000Z,6.24650,379.210,147508.,-376.143,37.3160,-29.0510
2000-11-19T05:34:43.000Z,-1.00000e+31,-1.00000e+31,-1.00000e+31,-1.00000e+31,-1.00000e+31,-1.00000e+31
2000-11-19T05:35:47.000Z,6.06990,378.590,148917.,-375.485,36.4080,-30.7140
2000-11-19T05:36:51.000Z,5.53890,378.120,145476.,-374.926,33.7860,-35.0100
2000-11-19T05:37:55.000Z,5.62350,376.130,161900.,-372.031,40.8850,-36.3470
2000-11-19T05:38:59.000Z,5.17410,376.590,162951.,-373.183,36.3140,-34.3900
2000-11-19T05:40:03.000Z,5.32920,376.310,163154.,-372.132,41.3070,-36.6720
2000-11-19T05:41:07.000Z,5.35560,376.040,157185.,-372.355,36.3380,-37.2770
2000-11-19T05:42:11.000Z,6.07560,372.560,149304.,-368.454,38.8680,-38.4850
2000-11-19T05:43:15.000Z,5.26860,373.980,144052.,-371.809,23.0590,-33.0240
2000-11-19T05:44:19.000Z,5.40130,378.660,151040.,-376.579,23.6020,-31.7940
2000-11-19T05:45:23.000Z,5.18130,379.420,141324.,-377.094,25.4400,-33.2880
2000-11-19T05:46:27.000Z,5.47910,377.150,133954.,-375.612,17.3790,-29.6300
2000-11-19T05:47:31.000Z,5.18540,379.230,131279.,-377.786,18.9030,-27.2170
2000-11-19T05:48:35.000Z,5.18670,378.190,136635.,-376.535,16.8880,-31.4810
2000-11-19T05:49:39.000Z,5.39560,378.490,140021.,-377.563,12.7790,-23.5300
2000-11-19T05:50:43.000Z,5.51100,378.330,145703.,-377.833,12.5040,-14.3170
2000-11-19T05:51:47.000Z,5.16480,375.100,132142.,-374.706,10.3470,-13.5050
2000-11-19T05:52:51.000Z,5.56290,371.360,136060.,-370.300,9.06700,-27.4150
2000-11-19T05:53:55.000Z,5.56030,373.030,120867.,-372.170,9.66500,-24.1200
2000-11-19T05:54:59.000Z,5.65220,373.900,116675.,-373.253,8.65300,-20.8540
2000-11-19T05:56:03.000Z,5.55130,371.000,129624.,-370.250,10.6610,-21.4060
2000-11-19T05:57:07.000Z,5.64770,372.660,119192.,-372.130,9.80300,-17.5160
2000-11-19T05:58:11.000Z,5.76260,373.770,121992.,-373.204,2.86800,-21.7670
2000-11-19T05:59:15.000Z,4.85800,373.620,128949.,-372.759,-3.80600,-27.1460
