EPOCH_yyyy-mm-ddThh:mm:ss.sssZ,ION_PRESSURE_nPa,DEL_TIME_ms
2014-02-18T14:01:07.632Z,3.15932,16252.169
2014-02-18T14:02:46.156Z,3.14923,16252.001
2014-02-18T14:04:08.612Z,-1.00000e+31,9999000.0
2014-02-18T14:05:40.612Z,-1.00000e+31,9999000.0
2014-02-18T14:10:55.687Z,3.20225,16252.001
2014-02-18T14:12:40.402Z,3.31875,6980.4868
2014-02-18T14:14:17.527Z,3.25582,14537.148
2014-02-18T14:15:52.964Z,3.34260,14537.000
2014-02-18T14:17:26.695Z,3.10995,16252.001
2014-02-18T14:19:05.218Z,3.20003,16252.169
2014-02-18T14:20:43.738Z,3.02876,16252.001
2014-02-18T14:22:22.261Z,3.26816,16252.001
2014-02-18T14:24:00.781Z,3.22271,16252.169
2014-02-18T14:25:39.304Z,3.15369,16251.967
2014-02-18T14:27:17.828Z,3.03745,16252.001
2014-02-18T14:29:00.968Z,3.08878,8555.0820
2014-02-18T14:30:12.612Z,-1.00000e+31,9999000.0
2014-02-18T14:31:44.611Z,-1.00000e+31,9999000.0
2014-02-18T14:33:56.531Z,2.89627,13137.100
2014-02-18T14:35:33.515Z,2.92342,16252.001
2014-02-18T14:37:12.035Z,2.92967,16252.140
2014-02-18T14:38:50.558Z,3.04109,16252.001
2014-02-18T14:40:30.621Z,2.60779,13137.100
2014-02-18T14:42:06.062Z,2.72876,13137.252
2014-02-18T14:43:44.621Z,2.17578,13172.198
2014-02-18T14:45:27.902Z,2.16735,6980.5005
2014-02-18T14:47:04.746Z,2.18525,13172.349
2014-02-18T14:48:40.187Z,2.10426,13172.198
2014-02-18T14:50:18.707Z,2.16658,13172.198
2014-02-18T14:51:57.230Z,2.19513,13172.324
2014-02-18T14:53:35.718Z,2.20092,13137.100
2014-02-18T14:53:32.640Z,2.20092,13137.101
2014-02-18T14:56:52.761Z,2.27181,13137.100
2014-02-18T14:58:31.281Z,2.22144,13137.100
2014-02-18T15:00:09.804Z,2.25296,13137.252
2014-02-18T15:01:53.089Z,2.10570,7015.5996
2014-02-18T15:03:29.960Z,1.92167,13172.171
2014-02-18T15:05:04.007Z,1.89533,16076.568
2014-02-18T15:06:43.925Z,1.90162,13172.198
2014-02-18T15:08:21.050Z,2.13896,16076.400
2014-02-18T15:10:00.972Z,2.02313,13172.351
2014-02-18T15:11:39.492Z,2.10433,13172.198
2014-02-18T15:13:18.015Z,2.00331,13172.198
2014-02-18T15:14:52.058Z,1.93253,16076.568
2014-02-18T15:16:30.582Z,1.84012,16076.400
2014-02-18T15:18:13.722Z,1.86009,8379.3838
2014-02-18T15:19:50.703Z,1.87699,16076.400
2014-02-18T15:21:26.148Z,1.86317,16076.400
2014-02-18T15:23:04.667Z,1.86570,16076.568
2014-02-18T15:24:40.113Z,1.88546,16076.400
2014-02-18T15:26:18.632Z,1.86214,16076.400
2014-02-18T15:27:58.554Z,1.91962,13172.351
2014-02-18T15:30:00.610Z,-1.00000e+31,9999000.0
2014-02-18T15:31:32.612Z,-1.00000e+31,9999000.0
2014-02-18T15:32:54.121Z,1.87892,13172.198
2014-02-18T15:34:35.863Z,1.98006,8379.4004
2014-02-18T15:36:08.611Z,-1.00000e+31,9999000.0
2014-02-18T15:39:28.210Z,1.87480,13172.198
2014-02-18T15:41:05.332Z,1.83066,16076.400
2014-02-18T15:42:43.855Z,1.85428,16076.366
2014-02-18T15:44:22.374Z,1.84202,16076.568
2014-02-18T15:46:00.898Z,1.80869,16076.400
2014-02-18T15:47:39.417Z,1.87996,16076.400
2014-02-18T15:49:17.941Z,1.69135,16076.400
2014-02-18T15:51:01.085Z,1.71722,8379.4824
2014-02-18T15:53:00.610Z,-1.00000e+31,9999000.0
2014-02-18T15:54:32.610Z,-1.00000e+31,9999000.0
2014-02-18T15:55:52.031Z,1.74598,16076.540
2014-02-18T15:57:27.472Z,1.72230,16076.400
2014-02-18T15:59:05.996Z,1.73022,16076.568
2014-02-18T16:02:12.610Z,-1.00000e+31,9999000.0
2014-02-18T16:05:40.082Z,1.31682,16076.400
2014-02-18T16:07:23.226Z,0.880537,8379.4824
2014-02-18T16:09:00.062Z,0.912777,14711.565
2014-02-18T16:10:38.585Z,0.886765,14711.599
2014-02-18T16:16:00.610Z,-1.00000e+31,9999000.0
2014-02-18T16:17:09.734Z,0.662210,16076.400
2014-02-18T16:18:48.257Z,0.620315,16076.568
2014-02-18T16:20:26.781Z,0.612887,16076.400
2014-02-18T16:22:06.699Z,0.587699,14677.469
2014-02-18T16:23:49.843Z,0.616899,6980.5005
2014-02-18T16:25:25.421Z,0.648413,16076.400
2014-02-18T16:27:00.867Z,0.767744,16076.568
2014-02-18T16:28:40.785Z,0.642407,14677.500
2014-02-18T16:30:14.832Z,0.804504,16076.400
2014-02-18T16:31:53.351Z,0.639499,16076.400
2014-02-18T16:33:31.874Z,0.789895,16076.400
2014-02-18T16:35:11.792Z,0.794930,14677.469
2014-02-18T16:36:50.316Z,0.702572,14677.500
2014-02-18T16:38:28.839Z,0.720589,14677.500
2014-02-18T16:40:07.500Z,0.723410,8379.4004
2014-02-18T16:41:45.878Z,0.768136,14677.501
2014-02-18T16:43:21.324Z,0.798240,14677.500
2014-02-18T16:44:58.445Z,0.801466,16076.400
2014-02-18T16:46:36.968Z,1.02389,16076.400
2014-02-18T16:48:15.488Z,1.08398,16076.366
2014-02-18T16:49:54.011Z,1.09669,16076.400
2014-02-18T16:51:34.070Z,1.23833,14536.850
2014-02-18T16:53:11.054Z,1.12904,16076.400
2014-02-18T16:54:50.972Z,1.18984,14677.500
2014-02-18T16:56:37.195Z,1.21057,6980.5005
2014-02-18T16:58:14.171Z,1.33625,14677.350
2014-02-18T16:59:49.617Z,1.46263,14677.469
2014-02-18T17:01:28.136Z,1.54005,14677.500
2014-02-18T17:03:06.660Z,1.59826,14677.500
2014-02-18T17:04:42.101Z,1.57768,14677.500
2014-02-18T17:06:20.625Z,1.63399,14677.350
2014-02-18T17:07:59.144Z,1.19464,14677.500
2014-02-18T17:09:37.664Z,1.07181,14677.500
2014-02-18T17:11:16.187Z,1.23817,14677.350
2014-02-18T17:12:59.328Z,1.08443,6980.5005
2014-02-18T17:14:36.308Z,1.09531,14677.471
2014-02-18T17:16:11.750Z,1.16508,14677.500
2014-02-18T17:17:50.273Z,1.05288,14677.500
2014-02-18T17:19:28.792Z,0.990302,14677.350
2014-02-18T17:21:07.312Z,0.919826,14677.500
2014-02-18T17:22:45.835Z,1.01240,14677.500
2014-02-18T17:24:24.355Z,1.02526,14677.350
2014-02-18T17:26:02.878Z,1.07367,14677.469
2014-02-18T17:27:41.398Z,1.02467,14677.500
2014-02-18T17:29:24.539Z,1.05114,6980.4341
2014-02-18T17:31:01.519Z,1.12535,14677.501
2014-02-18T17:32:36.960Z,1.02297,14677.350
2014-02-18T17:34:15.484Z,1.23205,14677.500
2014-02-18T17:35:54.003Z,1.14709,14677.350
2014-02-18T17:37:29.445Z,1.12986,14677.500
2014-02-18T17:39:07.968Z,1.12981,14677.500
2014-02-18T17:40:46.628Z,1.09185,14536.813
2014-02-18T17:42:25.011Z,1.02702,14677.350
2014-02-18T17:44:03.531Z,1.04908,14677.500
2014-02-18T17:45:46.667Z,1.01650,6980.4341
2014-02-18T17:47:20.570Z,0.936650,14677.501
2014-02-18T17:48:56.156Z,0.991921,14536.850
2014-02-18T17:50:34.535Z,0.984743,14677.500
2014-02-18T17:52:13.058Z,1.12187,14677.313
2014-02-18T17:53:51.578Z,1.07052,14677.500
2014-02-18T17:55:30.101Z,1.05623,14677.350
2014-02-18T17:57:08.621Z,1.12210,14677.500
2014-02-18T17:58:47.140Z,1.17570,14677.350
2014-02-18T18:00:25.664Z,1.09727,14677.500
2014-02-18T18:02:08.800Z,1.11505,6980.4341
2014-02-18T18:03:45.785Z,1.20931,14677.501
2014-02-18T18:05:21.226Z,0.789355,14677.469
2014-02-18T18:06:59.746Z,0.800658,14677.500
2014-02-18T18:08:38.269Z,0.813193,14677.350
2014-02-18T18:10:20.726Z,1.07388,12315.066
2014-02-18T18:11:50.726Z,0.769193,16252.001
2014-02-18T18:13:33.867Z,0.835802,14712.449
2014-02-18T18:15:12.359Z,0.990215,14677.500
2014-02-18T18:16:50.875Z,1.17283,14677.350
2014-02-18T18:18:34.015Z,1.23290,6980.4868
2014-02-18T18:20:07.921Z,1.16671,14677.350
2014-02-18T18:21:43.359Z,1.16863,14677.500
2014-02-18T18:23:21.882Z,1.13273,14677.350
2014-02-18T18:25:00.406Z,1.11606,14677.500
2014-02-18T18:26:38.921Z,1.05274,14677.350
2014-02-18T18:28:17.585Z,1.21014,14537.000
2014-02-18T18:29:56.109Z,1.08231,14537.000
2014-02-18T18:31:34.515Z,0.880526,14712.413
2014-02-18T18:33:13.007Z,1.04910,14677.500
2014-02-18T18:34:56.148Z,1.06806,6980.4341
2014-02-18T18:36:33.132Z,0.840880,14677.501
2014-02-18T18:38:08.710Z,0.869579,14536.850
2014-02-18T18:39:47.234Z,1.04655,14536.850
2014-02-18T18:41:25.757Z,1.15799,14537.000
2014-02-18T18:43:04.273Z,1.06747,14536.850
2014-02-18T18:44:42.656Z,1.00710,14677.469
2014-02-18T18:46:21.320Z,1.03435,14536.850
2014-02-18T18:48:01.234Z,0.899920,13138.101
2014-02-18T18:49:38.359Z,0.940177,14536.850
2014-02-18T18:51:21.359Z,0.925766,6980.5005
2014-02-18T18:52:58.367Z,0.495454,13137.050
2014-02-18T18:54:35.492Z,0.457526,13173.066
2014-02-18T18:56:13.124Z,0.568935,13995.099
2014-02-18T18:57:50.960Z,0.669647,14536.813
2014-02-18T18:59:29.484Z,0.865990,14537.000
2014-02-18T19:01:07.867Z,0.866802,14677.500
2014-02-18T19:02:46.531Z,0.705966,14536.850
2014-02-18T19:04:25.046Z,0.650661,14537.000
2014-02-18T19:06:04.968Z,0.631620,13137.967
2014-02-18T19:07:48.109Z,0.790064,8519.9014
2014-02-18T19:09:23.578Z,0.716151,14712.600
2014-02-18T19:10:58.992Z,0.714570,14677.469
2014-02-18T19:12:37.515Z,0.824204,14677.350
2014-02-18T19:14:16.039Z,0.807329,14677.500
2014-02-18T19:22:28.640Z,0.751973,14677.350
2014-02-18T19:24:11.781Z,0.720356,6980.4868
2014-02-18T19:25:48.765Z,0.640229,14677.501
2014-02-18T19:27:21.125Z,0.841391,14677.500
2014-02-18T19:28:59.679Z,0.648477,14712.599
2014-02-18T19:30:38.203Z,0.529301,14712.599
2014-02-18T19:32:16.726Z,0.641052,14712.449
2014-02-18T19:34:01.398Z,0.481057,14712.600
2014-02-18T19:35:28.468Z,0.504711,13714.149
2014-02-18T19:37:16.874Z,0.364610,13138.073
2014-02-18T19:38:52.320Z,0.646356,16216.899
2014-02-18T19:40:33.945Z,0.521512,7015.5996
2014-02-18T19:42:14.007Z,0.556717,14712.600
2014-02-18T19:43:46.374Z,0.517522,14712.599
2014-02-18T19:45:23.359Z,0.478864,16251.999
2014-02-18T19:47:04.921Z,0.650957,13137.967
2014-02-18T19:48:43.476Z,0.571256,16251.999
2014-02-18T19:50:20.460Z,0.598068,14712.724
2014-02-18T19:51:59.124Z,0.648206,14571.949
2014-02-18T19:53:37.499Z,0.692237,14712.599
2014-02-18T19:55:15.992Z,0.619669,14677.500
2014-02-18T19:56:59.132Z,0.582838,6980.5005
2014-02-18T19:58:36.117Z,0.675109,14677.501
2014-02-18T20:00:10.156Z,0.732784,16076.400
2014-02-18T20:01:50.078Z,0.618570,14677.500
2014-02-18T20:03:27.203Z,0.588872,16076.400
2014-02-18T20:05:07.125Z,0.665914,14677.500
2014-02-18T20:06:44.242Z,0.688144,16076.400
2014-02-18T20:08:22.765Z,0.642226,16076.400
2014-02-18T20:10:01.289Z,0.638120,16076.400
2014-02-18T20:11:41.210Z,0.638544,13172.198
2014-02-18T20:13:24.343Z,0.673739,6980.5005
2014-02-18T20:15:01.328Z,0.663410,14677.625
2014-02-18T20:16:36.773Z,0.661953,14677.500
2014-02-18T20:18:16.117Z,0.616952,13995.099
2014-02-18T20:19:54.640Z,0.686329,13995.099
2014-02-18T20:21:32.335Z,0.663250,14677.500
2014-02-18T20:23:10.859Z,0.596051,14677.500
2014-02-18T20:24:46.304Z,0.596759,14677.500
2014-02-18T20:26:24.828Z,0.624733,14677.500
2014-02-18T20:28:03.343Z,0.636590,14677.469
2014-02-18T20:29:46.484Z,0.635670,6980.5005
2014-02-18T20:31:23.468Z,0.672282,14677.501
2014-02-18T20:32:59.054Z,0.568476,14537.000
2014-02-18T20:34:34.351Z,0.625629,14677.651
2014-02-18T20:36:13.015Z,0.675443,14537.000
2014-02-18T20:37:51.398Z,0.678940,14677.500
2014-02-18T20:39:29.921Z,0.638066,14677.500
2014-02-18T20:41:08.437Z,0.610992,14677.469
2014-02-18T20:42:45.562Z,0.613119,16076.400
2014-02-18T20:44:22.406Z,0.517338,13172.200
2014-02-18T20:46:07.226Z,0.512927,8379.4004
2014-02-18T20:47:42.531Z,0.550600,14677.500
2014-02-18T20:49:21.046Z,0.556218,14677.651
2014-02-18T20:50:59.570Z,0.534247,14677.500
2014-02-18T20:52:38.093Z,0.528633,14677.500
2014-02-18T20:54:17.437Z,0.585664,13995.067
2014-02-18T20:55:55.132Z,0.551419,14677.500
2014-02-18T20:57:33.656Z,0.564395,14677.500
2014-02-18T20:59:12.179Z,0.534074,14677.651
2014-02-18T21:00:50.703Z,0.557765,14677.500
2014-02-18T21:02:32.445Z,0.578029,8379.4004
2014-02-18T21:04:09.421Z,0.633455,16076.400
2014-02-18T21:05:44.867Z,0.608202,16076.400
2014-02-18T21:07:20.312Z,0.539631,16076.366
2014-02-18T21:09:01.773Z,0.573408,16217.067
2014-02-18T21:10:40.429Z,0.530171,16076.400
2014-02-18T21:12:15.875Z,0.556896,16076.400
2014-02-18T21:13:57.476Z,0.595541,16076.400
2014-02-18T21:15:35.999Z,0.604641,16076.400
2014-02-18T21:17:14.523Z,0.567493,16076.400
2014-02-18T21:18:57.656Z,0.523281,8379.4824
2014-02-18T21:20:34.640Z,0.611501,16076.366
2014-02-18T21:22:10.085Z,0.612064,16076.400
2014-02-18T21:23:48.609Z,0.620524,16076.400
2014-02-18T21:25:28.531Z,0.558894,13172.198
2014-02-18T21:27:05.648Z,0.566764,16076.568
2014-02-18T21:28:44.171Z,0.608208,16076.400
2014-02-18T21:30:22.695Z,0.622786,16076.400
2014-02-18T21:31:58.140Z,0.557742,16076.400
2014-02-18T21:33:36.515Z,0.603792,14711.564
2014-02-18T21:35:21.335Z,0.650915,6980.5674
2014-02-18T21:36:56.781Z,0.579496,16076.400
2014-02-18T21:38:32.226Z,0.586974,16076.400
2014-02-18T21:40:10.609Z,0.542980,14711.599
2014-02-18T21:41:49.265Z,0.521194,16076.400
2014-02-18T21:43:29.187Z,0.525058,14677.651
2014-02-18T21:45:04.773Z,0.496335,14537.000
2014-02-18T21:46:46.265Z,0.508342,14712.567
2014-02-18T21:48:24.757Z,0.515255,14677.500
2014-02-18T21:50:01.875Z,0.515426,16076.568
2014-02-18T21:51:45.015Z,0.501468,8379.4004
2014-02-18T21:53:21.999Z,0.506013,16076.400
2014-02-18T21:54:55.765Z,0.460816,14677.500
2014-02-18T21:56:37.359Z,0.509842,14677.500
2014-02-18T21:58:14.484Z,0.560189,16076.400
2014-02-18T21:59:53.007Z,0.496047,16076.540
2014-02-18T21:59:53.007Z,0.496047,16076.540
2014-02-18T22:03:10.054Z,0.572821,16076.400
2014-02-18T22:04:48.570Z,0.550352,16076.568
2014-02-18T22:06:27.093Z,0.506202,16076.400
2014-02-18T22:08:10.234Z,0.453200,8379.4004
2014-02-18T22:09:47.218Z,0.526841,16076.400
2014-02-18T22:11:22.664Z,0.486220,16076.400
2014-02-18T22:12:59.640Z,0.445729,14537.126
2014-02-18T22:14:41.101Z,0.417805,14677.500
2014-02-18T22:16:19.625Z,0.479374,14677.500
2014-02-18T22:17:58.148Z,0.496941,14677.500
2014-02-18T22:19:36.671Z,0.491569,14677.651
2014-02-18T22:21:15.187Z,0.500559,14677.500
2014-02-18T22:22:55.390Z,0.471960,16076.400
2014-02-18T22:24:36.851Z,0.481821,6980.5562
2014-02-18T22:26:10.757Z,0.435556,14677.500
2014-02-18T22:27:49.273Z,0.408353,14677.500
2014-02-18T22:29:29.335Z,0.460575,16216.899
2014-02-18T22:31:07.999Z,0.465617,16076.566
2014-02-18T22:32:43.265Z,0.427462,16252.001
2014-02-18T22:34:21.968Z,0.503318,16076.400
2014-02-18T22:36:00.492Z,0.489028,16076.400
2014-02-18T22:37:39.007Z,0.461785,16076.540
2014-02-18T22:39:12.914Z,0.484294,14537.000
2014-02-18T22:40:57.453Z,0.510288,8519.9014
2014-02-18T22:42:32.898Z,0.492019,14677.500
2014-02-18T22:44:11.414Z,0.467611,14677.651
2014-02-18T22:45:49.937Z,0.482052,14677.500
2014-02-18T22:47:27.062Z,0.469109,16076.400
2014-02-18T22:49:10.203Z,0.514768,14537.148
2014-02-18T22:50:45.507Z,0.518868,14677.469
2014-02-18T22:52:24.023Z,0.509130,14677.500
2014-02-18T22:54:01.148Z,0.564254,16076.400
2014-02-18T22:55:41.070Z,0.513421,14677.651
2014-02-18T22:57:22.671Z,0.482656,8519.9014
2014-02-18T22:58:58.117Z,0.520570,14677.500
2014-02-18T23:00:36.632Z,0.510457,14677.500
2014-02-18T23:02:15.156Z,0.543259,14677.651
2014-02-18T23:03:52.281Z,0.499206,16076.366
2014-02-18T23:05:30.804Z,0.504454,16076.400
2014-02-18T23:07:10.726Z,0.524409,14677.500
2014-02-18T23:08:49.242Z,0.489190,14677.651
2014-02-18T23:10:26.367Z,0.472339,16076.400
2014-02-18T23:12:07.968Z,0.502942,16076.400
2014-02-18T23:13:50.968Z,0.471363,8519.9834
2014-02-18T23:15:26.414Z,0.506829,14677.500
2014-02-18T23:17:04.929Z,0.491408,14677.469
2014-02-18T23:18:42.054Z,0.521020,16076.568
2014-02-18T23:20:21.976Z,0.506530,14677.500
2014-02-18T23:21:59.101Z,0.523650,16076.400
2014-02-18T23:23:39.023Z,0.499033,14677.500
2014-02-18T23:25:17.539Z,0.526921,13172.351
2014-02-18T23:26:57.742Z,0.565027,16076.400
2014-02-18T23:28:30.109Z,0.579202,16076.400
2014-02-18T23:30:14.648Z,0.570134,6980.4868
2014-02-18T23:31:51.632Z,0.584230,14677.649
2014-02-18T23:33:27.070Z,0.589568,14677.500
2014-02-18T23:35:05.593Z,0.491012,14677.500
2014-02-18T23:36:44.117Z,0.546002,14677.651
2014-02-18T23:38:19.562Z,0.548501,13172.200
2014-02-18T23:39:58.898Z,0.524886,13995.099
2014-02-18T23:41:41.359Z,0.513433,13138.234
2014-02-18T23:43:21.281Z,0.542496,13172.171
2014-02-18T23:44:57.546Z,0.544953,13995.099
2014-02-18T23:46:39.148Z,0.513460,7837.5010
2014-02-18T23:48:13.765Z,0.510343,14677.651
2014-02-18T23:49:52.289Z,0.525100,14677.500
2014-02-18T23:51:30.812Z,0.567151,14677.500
2014-02-18T23:53:07.867Z,0.675677,13208.350
2014-02-18T23:54:47.890Z,0.566532,14712.750
2014-02-18T23:56:26.414Z,0.572091,14712.567
2014-02-18T23:58:04.929Z,0.536504,14712.750
2014-02-19T00:02:56.808Z,0.598770,18332.301
2014-02-19T00:04:39.808Z,0.497738,13995.252
2014-02-19T00:06:15.251Z,0.470506,13995.099
2014-02-19T00:07:58.461Z,0.403516,15253.549
2014-02-19T00:09:36.091Z,0.507440,14711.737
2014-02-19T00:11:13.108Z,0.475747,14712.599
2014-02-19T00:12:52.488Z,0.457776,13714.148
2014-02-19T00:14:30.939Z,0.523915,13995.099
2014-02-19T00:16:07.922Z,0.476638,15534.668
2014-02-19T00:17:48.840Z,0.493928,6980.5005
2014-02-19T00:19:30.300Z,0.474237,14711.601
2014-02-19T00:21:05.027Z,0.483562,13995.225
2014-02-19T00:22:43.549Z,0.497377,13995.099
2014-02-19T00:24:22.071Z,0.477484,13995.099
2014-02-19T00:26:00.593Z,0.468843,13995.252
2014-02-19T00:27:39.114Z,0.446174,13995.099
2014-02-19T00:29:17.636Z,0.499135,13995.099
2014-02-19T00:30:56.158Z,0.466232,13995.099
2014-02-19T00:32:34.680Z,0.487708,13995.252
2014-02-19T00:34:14.059Z,0.498758,6980.5005
2014-02-19T00:35:51.723Z,0.455131,13995.071
2014-02-19T00:37:29.458Z,0.477169,14712.748
2014-02-19T00:39:04.866Z,0.553993,14677.500
2014-02-19T00:40:43.388Z,0.506467,14677.500
2014-02-19T00:42:23.450Z,0.531314,16217.067
2014-02-19T00:43:59.067Z,0.511537,16111.500
2014-02-19T00:45:34.335Z,0.488086,14711.601
2014-02-19T00:47:17.475Z,0.469116,13172.324
2014-02-19T00:48:54.458Z,0.496614,14711.599
2014-02-19T00:50:37.598Z,0.498284,8519.9014
2014-02-19T00:52:13.041Z,0.486149,14677.651
2014-02-19T00:53:49.307Z,0.433850,13995.099
2014-02-19T00:55:30.085Z,0.542675,13172.198
2014-02-19T00:57:15.586Z,0.514701,13995.101
2014-02-19T00:58:41.793Z,0.490270,13995.250
2014-02-19T01:00:27.330Z,0.494951,13138.073
2014-02-19T01:02:05.852Z,0.473752,13138.101
2014-02-19T01:03:44.374Z,0.477427,13138.101
2014-02-19T01:05:22.896Z,0.504425,13138.234
2014-02-19T01:07:02.817Z,0.545424,7014.6001
2014-02-19T01:08:47.496Z,0.508161,13172.351
2014-02-19T01:10:19.860Z,0.479135,13172.198
2014-02-19T01:11:58.382Z,0.532609,13172.198
2014-02-19T01:13:39.983Z,0.510600,13172.324
2014-02-19T01:15:17.106Z,0.453693,13138.101
2014-02-19T01:16:57.850Z,0.425009,13995.101
2014-02-19T01:18:30.214Z,0.488733,13995.099
2014-02-19T01:20:18.725Z,0.514296,13173.333
2014-02-19T01:21:45.035Z,0.547680,13138.100
2014-02-19T01:23:31.937Z,0.595050,7837.5010
2014-02-19T01:25:05.018Z,0.572448,14711.599
2014-02-19T01:26:45.079Z,0.642732,13172.324
2014-02-19T01:28:23.601Z,0.682438,14677.500
2014-02-19T01:29:59.937Z,0.598731,13714.300
2014-02-19T01:31:40.645Z,0.583772,13172.198
2014-02-19T01:33:17.627Z,0.610404,14711.599
2014-02-19T01:35:01.589Z,0.585938,13995.101
2014-02-19T01:36:36.210Z,0.573761,13172.351
2014-02-19T01:38:14.732Z,0.489594,14677.500
2014-02-19T01:39:56.333Z,0.577694,7014.5845
2014-02-19T01:41:37.934Z,0.544136,13172.351
2014-02-19T01:43:10.298Z,0.536401,13172.198
2014-02-19T01:44:48.820Z,0.574591,13172.198
2014-02-19T01:46:27.342Z,0.553386,13172.351
2014-02-19T01:48:07.544Z,0.564994,13138.101
2014-02-19T01:49:44.385Z,0.551060,13172.198
2014-02-19T01:51:26.809Z,0.562973,13995.101
2014-02-19T01:53:02.252Z,0.528728,13995.099
2014-02-19T01:54:39.951Z,0.511217,13172.198
2014-02-19T01:56:21.552Z,0.549181,7014.6821
2014-02-19T01:58:00.896Z,0.717130,13995.101
2014-02-19T01:59:35.517Z,0.551685,13172.200
2014-02-19T02:01:14.039Z,0.562233,13172.200
2014-02-19T02:02:52.561Z,0.568730,13172.349
2014-02-19T02:04:31.083Z,0.582970,13172.200
2014-02-19T02:06:06.524Z,0.585001,13172.167
2014-02-19T02:07:45.047Z,0.628298,13172.351
2014-02-19T02:09:24.607Z,-1.00000e+31,9999000.0
2014-02-19T02:10:56.607Z,-1.00000e+31,9999000.0
2014-02-19T02:12:28.608Z,-1.00000e+31,9999000.0
2014-02-19T02:14:20.675Z,0.604132,14711.767
2014-02-19T02:15:32.607Z,-1.00000e+31,9999000.0
2014-02-19T02:17:37.718Z,0.612297,14711.737
2014-02-19T02:19:19.459Z,0.653419,13138.101
2014-02-19T02:20:50.143Z,0.544092,13172.200
2014-02-19T02:22:31.744Z,0.581439,13172.198
2014-02-19T02:24:10.266Z,0.606909,13172.351
2014-02-19T02:25:48.788Z,0.557627,13172.198
2014-02-19T02:27:27.310Z,0.614904,13172.198
2014-02-19T02:29:08.911Z,0.622165,7014.6821
2014-02-19T02:30:50.512Z,0.576463,13172.200
2014-02-19T02:32:19.796Z,0.586909,13172.167
2014-02-19T02:33:58.320Z,0.637754,13172.351
2014-02-19T02:35:36.840Z,0.617856,13172.198
2014-02-19T02:37:13.823Z,0.576102,14711.599
2014-02-19T02:38:56.962Z,0.601105,13172.200
2014-02-19T02:40:30.150Z,0.593697,13995.099
2014-02-19T02:42:14.006Z,0.605737,13172.200
2014-02-19T02:43:49.451Z,0.595660,13172.324
2014-02-19T02:45:31.050Z,0.595962,7014.6001
2014-02-19T02:47:12.652Z,0.577333,13172.200
2014-02-19T02:48:45.015Z,0.546801,13172.198
2014-02-19T02:50:23.539Z,0.562991,13172.351
2014-02-19T02:52:00.519Z,0.546764,14711.599
2014-02-19T02:53:42.121Z,0.546396,14711.599
2014-02-19T02:55:20.643Z,0.546414,14711.599
2014-02-19T02:56:59.165Z,0.587994,14711.767
2014-02-19T02:58:36.970Z,0.634763,13995.067
2014-02-19T03:00:17.748Z,0.605308,13172.200
2014-02-19T03:01:56.270Z,0.664268,7014.6821
2014-02-19T03:03:35.615Z,0.605388,13995.101
2014-02-19T03:05:08.696Z,0.616934,14711.599
2014-02-19T03:06:48.756Z,0.599985,13172.349
2014-02-19T03:08:22.661Z,0.623887,14711.599
2014-02-19T03:10:24.238Z,1.48006,14712.724
2014-02-19T03:11:53.523Z,1.61411,8555.0000
2014-02-19T03:13:21.304Z,1.51555,13138.101
2014-02-19T03:14:52.269Z,1.68796,14537.000
2014-02-19T03:16:33.872Z,1.71772,14537.151
2014-02-19T03:18:10.712Z,1.49248,13138.100
2014-02-19T03:19:47.013Z,1.57878,16792.900
2014-02-19T03:21:29.260Z,1.38293,14712.600
2014-02-19T03:23:04.057Z,1.41620,13714.225
2014-02-19T03:24:47.879Z,1.62196,13138.101
2014-02-19T03:26:21.101Z,1.52091,13714.100
2014-02-19T03:28:15.838Z,1.44417,8379.4824
2014-02-19T03:29:41.223Z,1.58512,13714.099
2014-02-19T03:31:22.753Z,1.43957,13995.251
2014-02-19T03:33:02.168Z,1.50250,14537.000
2014-02-19T03:34:37.611Z,1.53720,14537.000
2014-02-19T03:36:18.390Z,1.37262,13714.224
2014-02-19T03:37:54.655Z,1.44417,14537.000
2014-02-19T03:39:32.355Z,1.46540,13714.099
2014-02-19T03:41:06.940Z,1.30238,13138.100
2014-02-19T03:42:49.398Z,1.27455,13714.251
2014-02-19T03:44:40.235Z,1.39332,7556.4990
2014-02-19T03:46:06.442Z,1.38866,13714.099
2014-02-19T03:47:41.885Z,1.50697,13714.099
2014-02-19T03:49:17.257Z,1.32996,13995.225
2014-02-19T03:50:58.929Z,1.53372,13714.099
2014-02-19T03:52:37.451Z,1.41522,13714.251
2014-02-19T03:54:14.433Z,1.60345,15253.499
2014-02-19T03:55:54.495Z,1.49662,13714.099
2014-02-19T03:57:33.017Z,1.34437,13714.251
2014-02-19T03:59:12.361Z,1.54523,14537.000
2014-02-19T04:01:02.375Z,1.58134,7556.4990
2014-02-19T04:02:29.404Z,1.61858,14537.125
2014-02-19T04:04:04.847Z,1.55504,14537.000
2014-02-19T04:05:43.369Z,1.69083,14537.000
2014-02-19T04:07:21.891Z,1.55826,14537.000
2014-02-19T04:09:00.415Z,1.72661,14537.151
2014-02-19T04:10:42.014Z,1.55385,14537.000
2014-02-19T04:12:21.936Z,1.56144,13138.101
2014-02-19T04:13:55.979Z,1.40011,14537.000
2014-02-19T04:15:35.900Z,1.94112,13138.100
2014-02-19T04:17:29.816Z,2.00607,6980.5674
2014-02-19T04:18:53.801Z,2.25678,13714.099
2014-02-19T04:20:30.066Z,2.39981,13172.200
2014-02-19T04:22:03.830Z,2.64471,13138.100
2014-02-19T04:23:43.208Z,2.68333,13714.251
2014-02-19T04:25:23.953Z,2.41612,13138.100
2014-02-19T04:27:02.474Z,2.47034,13138.100
2014-02-19T04:28:39.598Z,2.55517,13172.325
2014-02-19T04:30:18.119Z,2.36694,13172.200
2014-02-19T04:31:56.641Z,2.81872,13172.200
2014-02-19T04:33:48.876Z,2.82974,6980.5005
2014-02-19T04:35:15.085Z,2.91200,13138.234
2014-02-19T04:36:54.462Z,3.41859,13714.099
2014-02-19T04:38:32.984Z,3.06024,13714.099
2014-02-19T04:40:11.505Z,3.51735,13714.067
2014-02-19T04:41:50.029Z,4.23776,13714.099
2014-02-19T04:43:26.941Z,5.56620,15534.668
2014-02-19T04:45:07.001Z,6.25958,13995.099
2014-02-19T04:46:45.523Z,6.82364,13995.099
2014-02-19T04:48:24.115Z,6.32492,13714.099
2014-02-19T04:50:14.882Z,5.86750,7837.5811
2014-02-19T04:51:41.089Z,6.24874,13995.099
2014-02-19T04:53:19.611Z,6.38563,13995.099
2014-02-19T04:54:55.054Z,6.64163,13995.224
2014-02-19T04:56:33.576Z,6.77551,13995.099
2014-02-19T04:58:10.558Z,6.63207,15534.499
2014-02-19T04:59:49.082Z,6.12622,15534.499
2014-02-19T05:01:27.603Z,6.30641,15534.668
2014-02-19T05:03:07.664Z,6.35638,13995.099
2014-02-19T05:04:46.185Z,6.21001,13995.251
2014-02-19T05:06:37.023Z,6.04858,7837.4814
2014-02-19T05:08:03.228Z,5.51475,13995.099
2014-02-19T05:09:41.751Z,5.54181,13995.251
2014-02-19T05:11:20.273Z,4.09681,13995.099
2014-02-19T05:12:58.794Z,3.91434,13995.099
2014-02-19T05:14:37.316Z,4.38535,13995.099
2014-02-19T05:16:15.839Z,3.95570,13995.251
2014-02-19T05:17:54.361Z,4.21314,13995.099
2014-02-19T05:19:32.882Z,3.70086,13995.067
2014-02-19T05:21:11.404Z,3.93387,13995.251
2014-02-19T05:23:02.242Z,3.84460,7837.4990
2014-02-19T05:24:28.447Z,3.46038,13995.099
2014-02-19T05:26:06.970Z,3.09640,13995.251
2014-02-19T05:27:42.414Z,3.19593,13995.099
2014-02-19T05:29:20.935Z,3.28100,13995.099
2014-02-19T05:30:56.378Z,3.24726,13995.251
2014-02-19T05:32:37.978Z,3.32425,13995.067
2014-02-19T05:34:16.501Z,3.57406,13995.099
2014-02-19T05:35:55.023Z,3.55292,13995.251
2014-02-19T05:37:30.466Z,3.46740,13995.099
2014-02-19T05:39:21.304Z,3.31844,7837.4990
2014-02-19T05:40:47.509Z,3.48719,13995.099
2014-02-19T05:42:22.953Z,3.47405,13995.251
2014-02-19T05:44:01.474Z,3.49551,13995.100
2014-02-19T05:45:39.996Z,3.64934,13995.069
2014-02-19T05:47:18.519Z,3.45423,13995.251
2014-02-19T05:48:57.041Z,3.58614,13995.100
2014-02-19T05:50:36.279Z,3.81780,14712.600
2014-02-19T05:52:14.085Z,3.97218,13995.251
2014-02-19T05:57:15.806Z,4.29200,13995.251
2014-02-19T05:58:54.330Z,4.09932,13995.067
2014-02-19T06:00:32.851Z,4.58816,13995.099
2014-02-19T06:02:08.294Z,4.60568,13995.251
2014-02-19T06:03:46.816Z,4.20275,13995.099
2014-02-19T06:05:25.408Z,3.61119,13714.099
2014-02-19T06:07:03.929Z,4.01222,13714.099
2014-02-19T06:08:40.843Z,3.91962,15534.668
2014-02-19T06:10:20.974Z,3.98960,13714.099
2014-02-19T06:12:11.812Z,3.71298,7556.4814
2014-02-19T06:13:38.017Z,4.10830,13714.251
2014-02-19T06:15:16.539Z,3.61858,13714.099
2014-02-19T06:16:55.060Z,4.01194,13714.251
2014-02-19T06:27:00.605Z,-1.00000e+31,9999000.0
2014-02-19T06:28:36.173Z,3.81552,6980.5674
2014-02-19T06:30:04.606Z,-1.00000e+31,9999000.0
2014-02-19T06:31:36.606Z,-1.00000e+31,9999000.0
2014-02-19T06:33:20.281Z,3.33061,13714.099
2014-02-19T06:34:40.605Z,-1.00000e+31,9999000.0
2014-02-19T06:36:12.605Z,-1.00000e+31,9999000.0
2014-02-19T06:38:12.767Z,3.08623,13714.099
2014-02-19T06:39:50.431Z,3.43248,13138.100
2014-02-19T06:44:55.236Z,3.61668,6980.5005
2014-02-19T06:48:28.606Z,-1.00000e+31,9999000.0
2014-02-19T06:49:38.486Z,2.86840,13138.234
2014-02-19T06:51:17.005Z,3.28819,13138.072
2014-02-19T06:52:55.527Z,3.15175,13138.100
2014-02-19T06:54:34.908Z,2.62011,13714.251
2014-02-19T06:56:12.572Z,3.14861,13138.100
2014-02-19T06:57:49.695Z,3.23529,13172.200
2014-02-19T06:59:28.216Z,3.24842,13172.351
2014-02-19T07:01:22.134Z,3.67358,7014.6001
2014-02-19T07:02:46.662Z,4.06573,13138.211
2014-02-19T07:04:23.783Z,3.56263,13172.200
2014-02-19T07:06:02.304Z,3.57877,13172.200
2014-02-19T07:07:42.224Z,4.15807,13138.100
2014-02-19T07:13:00.605Z,-1.00000e+31,9999000.0
2014-02-19T07:14:16.314Z,3.83975,13138.234
2014-02-19T07:15:53.437Z,4.12014,13172.200
2014-02-19T07:17:42.593Z,4.05214,6980.4868
2014-02-19T07:19:05.863Z,4.13906,14711.768
2014-02-19T07:20:44.244Z,3.60987,14571.101
2014-02-19T07:22:22.800Z,3.69394,14536.000
2014-02-19T07:23:59.066Z,4.31453,13714.100
2014-02-19T07:25:39.126Z,3.85457,15253.500
2014-02-19T07:27:17.648Z,4.54740,15253.500
2014-02-19T07:28:56.171Z,4.11990,15253.639
2014-02-19T07:34:06.238Z,2.59593,8555.0000
2014-02-19T07:35:34.876Z,2.58022,13714.251
2014-02-19T07:37:10.320Z,2.54907,13714.100
2014-02-19T07:38:48.841Z,2.46080,13714.100
2014-02-19T07:40:27.363Z,2.83428,13714.251
2014-02-19T07:42:05.884Z,2.76070,13714.069
2014-02-19T07:43:43.550Z,2.65378,13138.100
2014-02-19T07:45:22.072Z,2.69478,13138.100
2014-02-19T07:47:07.609Z,3.37827,13714.248
2014-02-19T07:48:42.333Z,3.10667,16076.400
2014-02-19T07:50:34.712Z,3.29036,8379.4004
2014-02-19T07:52:03.173Z,3.05594,13714.099
2014-02-19T07:53:39.439Z,3.42699,14537.000
2014-02-19T07:55:18.677Z,3.89740,15253.639
2014-02-19T07:56:57.199Z,3.85046,15253.499
2014-02-19T07:58:31.925Z,3.76874,14537.000
2014-02-19T08:00:12.703Z,4.17226,13714.100
2014-02-19T08:01:48.146Z,3.99977,13714.100
2014-02-19T08:03:29.748Z,4.13883,13714.100
2014-02-19T08:05:09.089Z,3.40472,14537.000
2014-02-19T08:06:59.929Z,2.97376,8379.4004
2014-02-19T08:08:29.212Z,2.64503,14536.968
2014-02-19T08:10:03.833Z,2.71043,13714.100
2014-02-19T08:11:42.353Z,3.13465,13714.100
2014-02-19T08:13:21.699Z,2.85140,14537.000
2014-02-19T08:14:57.857Z,3.12167,15253.333
2014-02-19T08:16:37.203Z,3.96486,16076.400
2014-02-19T08:18:15.722Z,4.61493,16076.400
2014-02-19T08:19:53.421Z,4.64816,15253.500
2014-02-19T08:21:32.765Z,4.11169,16076.366
2014-02-19T08:23:26.541Z,4.22304,6980.5005
2014-02-19T08:24:55.966Z,3.98235,16076.233
2014-02-19T08:26:28.330Z,4.11145,16076.400
2014-02-19T08:28:06.851Z,5.67517,16076.400
2014-02-19T08:29:45.373Z,6.50841,16076.400
2014-02-19T08:31:26.832Z,6.70740,13137.967
2014-02-19T08:33:02.416Z,7.89846,16076.400
2014-02-19T08:34:40.115Z,7.16494,15253.500
2014-02-19T08:36:20.998Z,6.32860,14536.851
2014-02-19T08:37:57.158Z,5.59088,15253.500
2014-02-19T08:39:49.531Z,6.16152,7556.4170
2014-02-19T08:41:14.880Z,5.54696,13138.100
2014-02-19T08:42:50.324Z,5.51891,13138.100
2014-02-19T08:44:28.845Z,5.36674,13137.966
2014-02-19T08:46:13.523Z,5.32742,13138.101
2014-02-19T08:47:49.105Z,4.57297,14711.566
2014-02-19T08:49:26.804Z,7.59739,12315.066
2014-02-19T08:51:03.787Z,4.69764,13714.099
2014-02-19T08:52:43.130Z,4.93537,14537.000
2014-02-19T08:54:21.650Z,5.30950,14536.850
2014-02-19T08:56:11.666Z,5.80380,7556.4990
2014-02-19T08:57:30.857Z,5.50711,13137.966
2014-02-19T08:57:27.777Z,5.50711,13137.966
2014-02-19T08:57:27.777Z,5.50711,13137.966
2014-02-19T09:02:33.363Z,4.55901,13994.949
2014-02-19T09:04:04.941Z,4.62847,13138.100
2014-02-19T09:05:52.699Z,6.07933,13138.101
2014-02-19T09:07:28.281Z,5.28731,14711.435
2014-02-19T09:09:06.800Z,5.42245,14711.435
2014-02-19T09:10:44.503Z,5.54697,15253.499
2014-02-19T09:12:32.257Z,7.46263,6157.5332
2014-02-19T09:14:02.187Z,4.62913,13173.172
2014-02-19T09:15:37.632Z,2.82311,13173.199
2014-02-19T09:17:16.152Z,2.52722,13173.066
2014-02-19T09:18:57.035Z,2.49979,15534.499
2014-02-19T09:20:35.554Z,3.30420,15534.333
2014-02-19T09:22:14.078Z,2.92108,15534.499
2014-02-19T09:23:53.492Z,2.63148,14711.435
2014-02-19T09:25:31.976Z,2.90265,14676.465
2014-02-19T09:27:09.640Z,3.90539,15534.499
2014-02-19T09:28:55.035Z,3.15665,7015.5332
2014-02-19T09:30:35.917Z,2.87321,15534.499
2014-02-19T09:32:01.441Z,1.93083,13136.949
2014-02-19T09:33:50.777Z,2.56051,14641.400
2014-02-19T09:35:16.945Z,2.16093,14676.332
2014-02-19T09:36:58.406Z,2.20998,13173.199
2014-02-19T09:38:34.023Z,1.69463,14711.433
2014-02-19T09:40:21.640Z,1.52471,13138.073
2014-02-19T09:42:05.636Z,2.20060,12315.200
2014-02-19T09:43:38.003Z,3.34695,12315.066
2014-02-19T09:45:23.398Z,2.99158,7015.5996
2014-02-19T09:46:40.472Z,1.41073,14711.434
2014-02-19T09:48:33.566Z,2.11103,12315.200
2014-02-19T09:50:03.707Z,2.55738,14676.500
2014-02-19T09:51:50.609Z,2.97123,12315.172
2014-02-19T09:53:29.878Z,3.21546,13137.916
2014-02-19T09:55:08.367Z,3.07551,13173.199
2014-02-19T09:56:45.488Z,2.98043,16215.900
2014-02-19T09:58:16.175Z,3.69105,13173.199
2014-02-19T09:59:58.664Z,3.90689,16792.717
2014-02-19T10:01:51.832Z,4.00910,8518.9014
2014-02-19T10:03:11.703Z,3.50287,13138.100
2014-02-19T10:04:50.261Z,3.45120,13173.199
2014-02-19T10:06:28.781Z,3.89373,13173.172
2014-02-19T10:08:07.300Z,3.63813,13173.199
2014-02-19T10:09:45.824Z,3.62040,13173.066
2014-02-19T10:11:24.343Z,3.81140,13173.199
2014-02-19T10:13:02.867Z,3.66400,13173.199
2014-02-19T10:14:45.285Z,3.88272,17073.900
2014-02-19T10:16:23.878Z,3.91942,16792.900
2014-02-19T10:18:16.253Z,3.84031,9095.8799
2014-02-19T10:19:40.921Z,3.64121,16792.900
2014-02-19T10:21:25.601Z,3.55377,16792.902
2014-02-19T10:22:54.816Z,3.46991,17073.900
2014-02-19T10:24:42.574Z,3.68973,17073.902
2014-02-19T10:26:17.195Z,3.59427,13173.066
2014-02-19T10:27:59.687Z,3.06225,16792.902
2014-02-19T10:29:29.796Z,2.94240,17615.750
2014-02-19T10:31:07.425Z,3.17203,17074.053
2014-02-19T10:32:42.046Z,3.07553,13173.199
2014-02-19T10:34:38.390Z,3.08697,9095.9014
2014-02-19T10:36:03.707Z,4.01222,17791.398
2014-02-19T10:37:51.605Z,3.99292,17580.652
2014-02-19T10:39:17.023Z,3.08847,16792.900
2014-02-19T10:40:58.621Z,3.01642,16792.900
2014-02-19T10:42:37.792Z,3.99861,17791.398
2014-02-19T10:44:16.488Z,3.95836,17615.711
2014-02-19T10:45:55.011Z,4.25870,17615.750
2014-02-19T10:47:40.406Z,3.94085,12315.200
2014-02-19T10:49:12.773Z,3.73608,12315.333
2014-02-19T10:51:04.253Z,3.94262,10094.400
2014-02-19T10:52:29.027Z,3.29635,17545.549
2014-02-19T10:54:14.496Z,4.11400,12315.200
2014-02-19T10:55:44.601Z,3.69047,19155.107
2014-02-19T10:57:29.105Z,3.56958,16251.999
2014-02-19T10:59:03.007Z,3.79026,14712.601
2014-02-19T11:00:39.992Z,3.97316,13173.199
2014-02-19T11:02:29.324Z,4.12363,17756.250
2014-02-19T11:04:04.765Z,3.49691,13172.200
2014-02-19T11:05:38.667Z,3.82850,13138.050
2014-02-19T11:07:32.585Z,4.12562,6980.4492
2014-02-19T11:08:58.789Z,3.85550,13138.049
2014-02-19T11:10:37.312Z,3.83880,13138.160
2014-02-19T11:12:15.835Z,3.59335,13138.049
2014-02-19T11:13:54.355Z,3.56940,13138.049
2014-02-19T11:15:31.339Z,3.80971,13172.198
2014-02-19T11:17:08.320Z,4.17560,13138.050
2014-02-19T11:18:45.304Z,3.48983,14677.448
2014-02-19T11:20:23.824Z,3.79535,13172.198
2014-02-19T11:22:03.851Z,3.93319,16111.515
2014-02-19T11:23:56.226Z,4.38718,6979.4497
2014-02-19T11:25:16.277Z,4.01329,13137.201
2014-02-19T11:26:59.414Z,4.09491,13173.199
2014-02-19T11:28:43.414Z,4.53335,13714.150
2014-02-19T11:30:12.699Z,4.86481,13995.048
2014-02-19T11:31:52.042Z,4.51195,13173.199
2014-02-19T11:33:30.562Z,4.23130,13173.199
2014-02-19T11:35:07.406Z,3.47462,14712.599
2014-02-19T11:36:39.773Z,3.38796,14712.568
2014-02-19T11:38:27.531Z,3.54122,14712.748
2014-02-19T11:40:17.003Z,3.96922,6980.4492
2014-02-19T11:41:52.445Z,5.23983,13138.049
2014-02-19T11:43:18.617Z,4.32300,16251.999
2014-02-19T11:45:12.394Z,2.97660,16111.552
2014-02-19T11:46:44.863Z,3.12051,16216.901
2014-02-19T11:48:23.281Z,3.13634,16111.688
2014-02-19T11:50:01.906Z,3.79846,16216.901
2014-02-19T11:51:38.746Z,4.34916,17615.799
2014-02-19T11:53:16.621Z,3.62133,15253.551
2014-02-19T11:54:49.773Z,4.49072,14677.499
2014-02-19T11:56:44.371Z,4.38573,7837.5010
2014-02-19T11:58:10.578Z,4.02693,13995.101
2014-02-19T11:59:48.417Z,4.71478,14677.649
2014-02-19T12:01:23.859Z,4.74846,14677.501
2014-02-19T12:03:03.062Z,4.68547,13995.071
2014-02-19T12:04:37.824Z,4.53378,14677.499
2014-02-19T12:06:20.179Z,4.31898,13714.150
2014-02-19T12:07:51.683Z,6.97467,13137.201
2014-02-19T12:09:34.144Z,7.61656,13714.150
2014-02-19T12:11:21.148Z,6.80113,14677.501
2014-02-19T12:13:06.582Z,7.28239,7556.5503
2014-02-19T12:14:37.335Z,8.91742,15534.468
2014-02-19T12:16:14.316Z,9.09998,13995.250
2014-02-19T12:17:49.761Z,8.23239,13995.099
2014-02-19T12:19:30.675Z,7.17961,14677.501
2014-02-19T12:21:09.199Z,7.29347,14677.501
2014-02-19T12:22:47.722Z,7.44101,14677.501
2014-02-19T12:24:26.242Z,6.67433,14677.501
2014-02-19T12:26:01.687Z,6.47023,14677.649
2014-02-19T12:27:38.667Z,6.60706,13138.101
2014-02-19T12:29:31.730Z,6.44450,7837.4834
2014-02-19T12:31:01.011Z,8.04216,13995.101
2014-02-19T12:32:36.457Z,9.82464,13995.250
2014-02-19T12:34:14.976Z,10.2297,13995.101
2014-02-19T12:35:53.500Z,11.6821,13995.101
2014-02-19T12:37:28.941Z,11.7985,13995.099
2014-02-19T12:39:11.402Z,13.5815,13138.101
2014-02-19T12:40:46.839Z,10.6794,13138.211
2014-02-19T12:42:29.984Z,11.3446,14677.501
2014-02-19T12:44:05.425Z,11.6934,14677.501
2014-02-19T12:45:57.800Z,11.4193,6980.5005
2014-02-19T12:47:25.550Z,11.4708,14677.501
2014-02-19T12:48:58.593Z,12.0413,13995.252
2014-02-19T12:50:37.117Z,11.2872,13995.099
2014-02-19T12:52:18.718Z,12.1944,13995.101
2014-02-19T12:53:54.160Z,11.4252,13995.099
2014-02-19T12:55:32.683Z,11.1781,13995.252
2014-02-19T12:57:11.203Z,10.1072,13995.099
2014-02-19T12:58:50.582Z,11.7429,13138.101
2014-02-19T13:00:28.250Z,11.1959,13995.099
2014-02-19T13:02:19.941Z,11.6294,6980.5005
2014-02-19T13:03:50.769Z,7.53761,14677.651
2014-02-19T13:05:26.890Z,8.36676,13995.101
2014-02-19T13:07:04.730Z,6.97648,14677.471
2014-02-19T13:08:43.249Z,7.92109,14677.501
2014-02-19T13:10:24.066Z,7.93944,15253.717
2014-02-19T13:12:01.730Z,8.23385,16111.552
2014-02-19T13:13:38.710Z,8.36730,14572.150
2014-02-19T13:15:18.777Z,7.53257,16111.552
2014-02-19T13:16:56.613Z,7.29834,13714.150
2014-02-19T13:18:46.593Z,9.84460,8414.6191
2014-02-19T13:20:18.207Z,9.07364,15534.501
2014-02-19T13:21:54.402Z,8.60748,14572.150
2014-02-19T13:23:29.949Z,9.32001,14677.501
2014-02-19T13:27:08.604Z,-1.00000e+31,9999000.0
2014-02-19T13:28:23.121Z,7.80866,13995.099
2014-02-19T13:30:07.011Z,7.58282,14572.150
2014-02-19T13:31:41.019Z,7.93572,16216.899
2014-02-19T13:33:19.542Z,6.50730,16217.039
2014-02-19T13:35:09.523Z,6.43036,7837.5010
2014-02-19T13:36:40.414Z,6.96696,15253.551
2014-02-19T13:38:15.789Z,7.23719,15534.501
2014-02-19T13:39:54.378Z,7.08724,15253.717
2014-02-19T13:41:30.609Z,10.0050,14677.501
2014-02-19T13:43:09.128Z,7.46004,14677.501
2014-02-19T13:44:47.656Z,8.62102,14677.625
2014-02-19T13:46:28.398Z,9.09658,15534.501
2014-02-19T13:48:06.988Z,9.00757,15253.551
2014-02-19T13:49:45.511Z,6.49552,15253.551
2014-02-19T13:51:34.738Z,6.63616,7837.5850
2014-02-19T13:53:06.316Z,6.59151,14572.150
2014-02-19T13:54:38.679Z,5.68749,14572.150
2014-02-19T13:56:20.281Z,6.00296,14572.150
2014-02-19T13:57:55.722Z,6.36119,14572.150
2014-02-19T13:59:34.246Z,4.64885,14572.274
