EPOCH__yyyy-mm-ddThh:mm:ss.sssZ,B__nT_(1min),BX_(GSM)_(@_x-component_)_nT_(1min),BY_(GSM)_(@_y-component_)_nT_(1min),BZ_(GSM)_(@_z-component_)_nT_(1min)
2014-02-13T23:00:30.000Z,6.35133,3.65457,-3.20517,4.07906
2014-02-13T23:01:30.000Z,6.36072,3.36166,-3.48051,4.11722
2014-02-13T23:02:30.000Z,6.35239,3.43305,-3.19305,4.27653
2014-02-13T23:03:30.000Z,6.35746,3.30733,-3.75235,3.86936
2014-02-13T23:04:30.000Z,6.33256,3.22631,-0.897171,5.33553
2014-02-13T23:05:30.000Z,6.35280,3.03565,-0.227644,5.54644
2014-02-13T23:06:30.000Z,6.38198,3.12467,-1.51128,5.32679
2014-02-13T23:07:30.000Z,6.37273,3.21693,-0.899851,5.41824
2014-02-13T23:08:30.000Z,6.37819,3.09626,-0.739972,5.51980
2014-02-13T23:09:30.000Z,6.38269,3.11813,-1.00370,5.47260
2014-02-13T23:10:30.000Z,6.38834,2.99626,-0.692436,5.59181
2014-02-13T23:11:30.000Z,6.38068,2.93003,-0.511317,5.63835
2014-02-13T23:12:30.000Z,6.38335,3.15111,-0.497514,5.52601
2014-02-13T23:13:30.000Z,6.38150,2.90562,-0.748763,5.60338
2014-02-13T23:14:30.000Z,6.36660,2.85201,-0.702167,5.64131
2014-02-13T23:15:30.000Z,6.36746,3.11740,-0.743737,5.50113
2014-02-13T23:16:30.000Z,6.37606,3.18716,-0.929402,5.44083
2014-02-13T23:17:30.000Z,6.37749,3.33841,-1.02815,5.33302
2014-02-13T23:18:30.000Z,6.38249,3.09881,-1.01473,5.48019
2014-02-13T23:19:30.000Z,6.36760,3.04620,-1.00195,5.49790
2014-02-13T23:20:30.000Z,6.36908,3.18599,-0.899907,5.43504
2014-02-13T23:21:30.000Z,6.36983,3.21217,-0.709993,5.44493
2014-02-13T23:22:30.000Z,6.35778,3.28702,-0.742159,5.38674
2014-02-13T23:23:30.000Z,6.38284,3.49486,-0.489272,5.31259
2014-02-13T23:24:30.000Z,6.37783,3.25286,-0.819824,5.41986
2014-02-13T23:25:30.000Z,6.38224,3.20191,-0.916726,5.43916
2014-02-13T23:26:30.000Z,6.39619,2.71253,-1.44401,5.60591
2014-02-13T23:27:30.000Z,6.40482,2.73133,-1.43012,5.61049
2014-02-13T23:28:30.000Z,6.40077,3.25996,-2.13333,5.06645
2014-02-13T23:29:30.000Z,6.37479,3.14440,-1.98076,5.13585
2014-02-13T23:30:30.000Z,6.39461,3.40174,-0.381672,5.37421
2014-02-13T23:31:30.000Z,6.40665,3.23715,-0.324624,5.48289
2014-02-13T23:32:30.000Z,6.40107,3.03380,-1.10879,5.52215
2014-02-13T23:33:30.000Z,6.37106,3.01192,-0.753651,5.54420
2014-02-13T23:34:30.000Z,6.36866,3.25494,-0.833554,5.39787
2014-02-13T23:35:30.000Z,6.38077,3.43623,-1.07612,5.25566
2014-02-13T23:36:30.000Z,6.34243,3.69979,-1.21825,4.95942
2014-02-13T23:37:30.000Z,6.34677,3.41933,-1.31287,5.10473
2014-02-13T23:38:30.000Z,6.38942,3.93705,-1.13834,4.86152
2014-02-13T23:39:30.000Z,6.41240,4.12103,-1.42209,4.69684
2014-02-13T23:40:30.000Z,6.46018,3.76179,-1.92721,4.84631
2014-02-13T23:41:30.000Z,6.45289,3.03292,-2.11770,5.27220
2014-02-13T23:42:30.000Z,6.48466,2.98001,-1.88589,5.41887
2014-02-13T23:43:30.000Z,6.48262,4.56087,-2.28294,3.93268
2014-02-13T23:44:30.000Z,6.47117,4.12728,-1.94943,4.56840
2014-02-13T23:45:30.000Z,6.50353,4.13424,-2.36427,4.42114
2014-02-13T23:46:30.000Z,6.52845,4.13023,-2.33817,4.47437
2014-02-13T23:47:30.000Z,6.55235,4.23236,-2.93385,3.98645
2014-02-13T23:48:30.000Z,6.52361,3.72876,-3.57963,3.96381
2014-02-13T23:49:30.000Z,6.49423,3.72573,-3.46076,4.01031
2014-02-13T23:50:30.000Z,6.47845,4.32269,-3.42399,3.37306
2014-02-13T23:51:30.000Z,-1.00000e+31,-1.00000e+31,-1.00000e+31,-1.00000e+31
2014-02-13T23:52:30.000Z,6.42377,4.02089,-3.88655,3.14186
2014-02-13T23:53:30.000Z,6.40305,3.83706,-3.73860,3.48648
2014-02-13T23:54:30.000Z,6.38670,3.71632,-3.87233,3.44642
2014-02-13T23:55:30.000Z,6.36892,3.43222,-3.71953,3.84884
2014-02-13T23:56:30.000Z,-1.00000e+31,-1.00000e+31,-1.00000e+31,-1.00000e+31
2014-02-13T23:57:30.000Z,6.31365,3.90581,-3.25379,3.72858
2014-02-13T23:58:30.000Z,6.27323,3.58613,-2.90485,4.23381
2014-02-13T23:59:30.000Z,6.28010,3.26691,-3.45951,4.05686
2014-02-14T00:00:30.000Z,6.25374,3.12090,-3.87646,3.77905
2014-02-14T00:01:30.000Z,6.23777,3.15989,-3.99499,3.59138
2014-02-14T00:02:30.000Z,6.21903,3.07727,-4.28464,3.24970
2014-02-14T00:03:30.000Z,6.16279,2.72286,-4.17589,3.31440
2014-02-14T00:04:30.000Z,6.18656,3.07557,-0.701953,5.28956
2014-02-14T00:05:30.000Z,6.21142,3.17153,-0.390625,5.30763
2014-02-14T00:06:30.000Z,6.20406,3.04639,-0.612693,5.36616
2014-02-14T00:07:30.000Z,6.18664,3.06614,-0.874731,5.29828
2014-02-14T00:08:30.000Z,6.17254,2.99891,-0.968252,5.30541
2014-02-14T00:09:30.000Z,6.15603,2.67457,-0.833072,5.47915
2014-02-14T00:10:30.000Z,6.13725,3.14131,-1.19236,5.12113
2014-02-14T00:11:30.000Z,6.10962,3.09748,-1.58108,5.01727
2014-02-14T00:12:30.000Z,6.12033,3.13654,-1.75617,4.94580
2014-02-14T00:13:30.000Z,6.10396,3.08295,-1.65021,4.98064
2014-02-14T00:14:30.000Z,6.08222,3.17886,-2.46902,4.54836
2014-02-14T00:15:30.000Z,6.08945,3.15825,-2.24612,4.67060
2014-02-14T00:16:30.000Z,6.08035,3.30998,-2.45454,4.45821
2014-02-14T00:17:30.000Z,-1.00000e+31,-1.00000e+31,-1.00000e+31,-1.00000e+31
2014-02-14T00:18:30.000Z,6.06469,3.38842,-2.68290,4.14926
2014-02-14T00:19:30.000Z,6.03282,3.24465,-1.57461,4.83028
2014-02-14T00:20:30.000Z,6.00528,3.33668,-1.76114,4.66192
2014-02-14T00:21:30.000Z,5.98883,3.35227,-1.88277,4.58781
2014-02-14T00:22:30.000Z,5.97535,3.34376,-1.99850,4.52722
2014-02-14T00:23:30.000Z,5.99616,3.37124,-2.03149,4.51606
2014-02-14T00:24:30.000Z,5.95973,3.45817,-2.30226,4.25836
2014-02-14T00:25:30.000Z,5.95396,3.51483,-2.15026,4.28268
2014-02-14T00:26:30.000Z,5.96767,3.57881,-2.85134,3.82478
2014-02-14T00:27:30.000Z,5.93448,3.31449,-2.15959,4.41049
2014-02-14T00:28:30.000Z,5.92818,3.41228,-2.10871,4.36033
2014-02-14T00:29:30.000Z,5.92606,3.40339,-2.10790,4.36877
2014-02-14T00:30:30.000Z,5.91648,3.44861,-2.07428,4.33629
2014-02-14T00:31:30.000Z,5.92861,3.50628,-2.10523,4.28873
2014-02-14T00:32:30.000Z,5.93514,3.57713,-2.11637,4.23266
2014-02-14T00:33:30.000Z,5.92039,3.61316,-2.15223,4.16296
2014-02-14T00:34:30.000Z,5.92218,3.52772,-2.30724,4.15439
2014-02-14T00:35:30.000Z,5.92648,3.42166,-2.41572,4.18334
2014-02-14T00:36:30.000Z,5.92756,3.40253,-2.43678,4.19634
2014-02-14T00:37:30.000Z,5.93068,3.55582,-2.40980,4.08620
2014-02-14T00:38:30.000Z,5.90825,3.51321,-2.52215,4.02179
2014-02-14T00:39:30.000Z,5.89857,3.39405,-2.64824,4.03007
2014-02-14T00:40:30.000Z,5.89475,3.45650,-2.54782,4.03425
2014-02-14T00:41:30.000Z,5.93098,3.53757,-2.53610,4.01032
2014-02-14T00:42:30.000Z,5.93121,3.67506,-2.89672,3.63849
2014-02-14T00:43:30.000Z,5.92565,3.39293,-3.48639,3.37300
2014-02-14T00:44:30.000Z,5.90196,3.24843,-3.06292,3.85330
2014-02-14T00:45:30.000Z,5.90739,3.30291,-3.15643,3.73653
2014-02-14T00:46:30.000Z,5.90117,3.16895,-3.39452,3.63871
2014-02-14T00:47:30.000Z,5.89182,3.25776,-3.43936,3.49487
2014-02-14T00:48:30.000Z,5.89622,3.35972,-3.31822,3.48127
2014-02-14T00:49:30.000Z,5.92199,3.24306,-2.73004,4.13210
2014-02-14T00:50:30.000Z,5.91028,3.29630,-2.87057,3.97322
2014-02-14T00:51:30.000Z,5.90484,3.29226,-2.76987,4.04079
2014-02-14T00:52:30.000Z,5.91966,3.26953,-2.63149,4.16777
2014-02-14T00:53:30.000Z,5.92233,3.47838,-2.28111,4.20686
2014-02-14T00:54:30.000Z,5.90816,3.29340,-3.10550,3.77274
2014-02-14T00:55:30.000Z,5.87948,3.21152,-3.26163,3.67814
2014-02-14T00:56:30.000Z,5.87014,3.28161,-3.09553,3.75369
2014-02-14T00:57:30.000Z,5.87763,3.56295,-2.93259,3.62926
2014-02-14T00:58:30.000Z,5.87293,3.49933,-2.99725,3.62140
2014-02-14T00:59:30.000Z,5.88946,2.94767,-2.22813,4.52023
2014-02-14T01:00:30.000Z,5.85503,2.70110,-2.03805,4.77526
2014-02-14T01:01:30.000Z,5.85080,2.97383,-1.85142,4.67147
2014-02-14T01:02:30.000Z,5.85456,2.76674,-0.245543,5.09738
2014-02-14T01:03:30.000Z,5.86042,2.51955,-0.923708,5.17594
2014-02-14T01:04:30.000Z,5.87144,2.59957,-1.09325,5.12558
2014-02-14T01:05:30.000Z,5.86906,3.17918,-1.36890,4.73123
2014-02-14T01:06:30.000Z,5.86425,3.15748,-1.54285,4.68470
2014-02-14T01:07:30.000Z,5.85861,2.66881,-1.07618,5.09203
2014-02-14T01:08:30.000Z,5.89026,2.54403,-1.24026,5.14211
2014-02-14T01:09:30.000Z,5.91671,2.48752,-1.37404,5.17065
2014-02-14T01:10:30.000Z,5.91441,2.71061,-1.39250,5.05817
2014-02-14T01:11:30.000Z,5.88439,3.12957,-1.05318,4.86183
2014-02-14T01:12:30.000Z,5.88979,3.16865,-1.66881,4.65904
2014-02-14T01:13:30.000Z,5.88228,3.05606,-1.71080,4.70191
2014-02-14T01:14:30.000Z,5.93962,2.39647,-2.47377,4.81910
2014-02-14T01:15:30.000Z,5.92943,1.99180,-3.04983,4.65746
2014-02-14T01:16:30.000Z,5.91366,1.65189,-3.75720,4.23667
2014-02-14T01:17:30.000Z,5.85739,2.15661,-2.47924,4.81670
2014-02-14T01:18:30.000Z,5.87407,2.57162,-1.92894,4.90626
2014-02-14T01:19:30.000Z,5.85635,2.65245,-1.79585,4.87822
2014-02-14T01:20:30.000Z,5.86316,2.64379,0.252326,5.18036
2014-02-14T01:21:30.000Z,5.83385,2.54777,0.636392,5.20075
2014-02-14T01:22:30.000Z,5.82814,2.58073,0.305249,5.19912
2014-02-14T01:23:30.000Z,5.84684,2.52821,0.514820,5.23625
2014-02-14T01:24:30.000Z,5.85229,2.66170,-0.542326,5.14081
2014-02-14T01:25:30.000Z,5.84926,2.57684,-1.33645,5.05989
2014-02-14T01:26:30.000Z,5.84501,2.27049,-1.29921,5.21547
2014-02-14T01:27:30.000Z,5.85646,1.95995,-1.63341,5.26022
2014-02-14T01:28:30.000Z,5.84661,2.60605,-1.68210,4.94817
2014-02-14T01:29:30.000Z,5.85890,3.14702,-1.16331,4.67643
2014-02-14T01:30:30.000Z,5.87847,2.68370,-1.74964,4.92687
2014-02-14T01:31:30.000Z,5.86893,2.56449,-2.26821,4.75562
2014-02-14T01:32:30.000Z,5.85217,2.69611,-1.99124,4.77603
2014-02-14T01:33:30.000Z,5.81172,2.65561,-2.20735,4.65208
2014-02-14T01:34:30.000Z,5.79557,2.38253,-2.72178,4.45941
2014-02-14T01:35:30.000Z,5.82759,2.66771,-3.38945,3.78021
2014-02-14T01:36:30.000Z,5.83084,2.55482,-3.78708,3.60864
2014-02-14T01:37:30.000Z,5.79446,2.23456,-3.53402,4.00015
2014-02-14T01:38:30.000Z,5.78588,1.96805,-3.35243,4.24989
2014-02-14T01:39:30.000Z,5.75852,1.86359,-3.63597,3.96938
2014-02-14T01:40:30.000Z,5.76343,2.26987,-3.67168,3.80334
2014-02-14T01:41:30.000Z,5.81375,2.68632,-3.17521,4.05291
2014-02-14T01:42:30.000Z,5.80435,2.42981,-3.44094,3.95537
2014-02-14T01:43:30.000Z,5.78940,2.28965,-4.17395,3.28662
2014-02-14T01:44:30.000Z,5.78819,2.51421,-3.70438,3.66158
2014-02-14T01:45:30.000Z,5.80695,2.49659,-3.43833,3.94242
2014-02-14T01:46:30.000Z,5.81993,2.52839,-3.73800,3.66710
2014-02-14T01:47:30.000Z,5.81866,2.48093,-3.75958,3.67775
2014-02-14T01:48:30.000Z,5.80337,2.28178,-3.95876,3.54169
2014-02-14T01:49:30.000Z,5.76788,2.52715,-4.39205,2.75139
2014-02-14T01:50:30.000Z,5.77745,2.55604,-4.33182,2.82967
2014-02-14T01:51:30.000Z,5.79613,2.62273,-4.24601,2.92694
2014-02-14T01:52:30.000Z,5.78836,1.98298,-3.96665,3.68495
2014-02-14T01:53:30.000Z,5.83052,2.29145,-4.35723,3.06157
2014-02-14T01:54:30.000Z,5.83463,2.42304,-4.52150,2.75216
2014-02-14T01:55:30.000Z,5.84789,2.66635,-4.58520,2.45481
2014-02-14T01:56:30.000Z,5.82371,2.11424,-4.39640,3.09498
2014-02-14T01:57:30.000Z,5.83454,1.44591,-4.16525,3.81775
2014-02-14T01:58:30.000Z,5.84992,1.87537,-4.29216,3.49884
2014-02-14T01:59:30.000Z,5.85557,1.83624,-4.35418,3.45374
2014-02-14T02:00:30.000Z,5.85511,2.11265,-4.48134,3.07094
2014-02-14T02:01:30.000Z,5.83583,2.46716,-4.65203,2.47527
2014-02-14T02:02:30.000Z,5.84771,2.32331,-4.36371,3.08700
2014-02-14T02:03:30.000Z,5.85372,2.19562,-4.43124,3.10349
2014-02-14T02:04:30.000Z,5.86139,2.30076,-4.33057,3.14614
2014-02-14T02:05:30.000Z,5.86770,2.09527,-4.89524,2.42824
2014-02-14T02:06:30.000Z,5.85502,2.34466,-4.92126,2.12909
2014-02-14T02:07:30.000Z,5.84245,1.92754,-4.98287,2.33180
2014-02-14T02:08:30.000Z,5.84459,1.64225,-4.94224,2.64481
2014-02-14T02:09:30.000Z,5.87090,1.65374,-5.13841,2.30320
2014-02-14T02:10:30.000Z,5.87251,1.59783,-5.29440,1.96535
2014-02-14T02:11:30.000Z,5.88384,1.61207,-5.34760,1.84821
2014-02-14T02:12:30.000Z,5.85318,1.80550,-5.24245,1.86056
2014-02-14T02:13:30.000Z,5.83689,1.68026,-5.30762,1.73835
2014-02-14T02:14:30.000Z,5.82441,1.87425,-5.17537,1.81763
2014-02-14T02:15:30.000Z,5.82609,2.06751,-5.12430,1.82556
2014-02-14T02:16:30.000Z,5.79850,2.31088,-4.66226,2.27313
2014-02-14T02:17:30.000Z,5.80259,3.35891,-2.80783,3.79234
2014-02-14T02:18:30.000Z,5.78709,3.28698,-2.79216,3.85478
2014-02-14T02:19:30.000Z,5.81323,3.32158,-2.92660,3.76461
2014-02-14T02:20:30.000Z,5.78369,3.45068,-2.84649,3.65795
2014-02-14T02:21:30.000Z,5.79483,3.61225,-2.90216,3.46972
2014-02-14T02:22:30.000Z,5.78785,3.54908,-2.94670,3.48858
2014-02-14T02:23:30.000Z,5.81956,3.53066,-3.07338,3.45415
2014-02-14T02:24:30.000Z,5.84024,3.60614,-2.85178,3.60058
2014-02-14T02:25:30.000Z,5.82708,3.66905,-2.81609,3.51404
2014-02-14T02:26:30.000Z,5.82856,3.22560,-3.45593,3.40606
2014-02-14T02:27:30.000Z,5.84092,3.10455,-3.63538,3.35344
2014-02-14T02:28:30.000Z,5.85878,3.08444,-3.82832,3.18220
2014-02-14T02:29:30.000Z,5.85385,2.95228,-3.74419,3.38939
2014-02-14T02:30:30.000Z,5.86872,2.73304,-3.99801,3.31403
2014-02-14T02:31:30.000Z,5.90026,2.78892,-4.06111,3.24482
2014-02-14T02:32:30.000Z,5.86033,3.56943,-3.21865,3.31609
2014-02-14T02:33:30.000Z,5.84176,3.77968,-3.03631,3.25265
2014-02-14T02:34:30.000Z,5.87125,3.50682,-3.21942,3.41642
2014-02-14T02:35:30.000Z,5.87620,3.59790,-3.23846,3.32067
2014-02-14T02:36:30.000Z,5.90452,3.50902,-3.30644,3.40132
2014-02-14T02:37:30.000Z,5.91900,3.49262,-3.22648,3.52117
2014-02-14T02:38:30.000Z,5.89410,3.40908,-3.57300,3.20498
2014-02-14T02:39:30.000Z,5.89599,3.31911,-3.37099,3.46140
2014-02-14T02:40:30.000Z,5.94653,3.20020,-3.80339,3.25672
2014-02-14T02:41:30.000Z,5.97882,3.25807,-3.92351,3.11819
2014-02-14T02:42:30.000Z,5.89280,3.42651,-3.64636,3.10830
2014-02-14T02:43:30.000Z,5.89633,3.35146,-3.69238,3.14567
2014-02-14T02:44:30.000Z,5.95366,3.21265,-3.92322,3.10710
2014-02-14T02:45:30.000Z,5.97620,3.25299,-3.70212,3.37848
2014-02-14T02:46:30.000Z,5.94816,3.33056,-3.27836,3.66820
2014-02-14T02:47:30.000Z,5.95455,3.46741,-2.48094,4.12964
2014-02-14T02:48:30.000Z,5.95211,3.41644,-2.60835,4.11465
2014-02-14T02:49:30.000Z,5.97945,3.38657,-2.84402,4.02214
2014-02-14T02:50:30.000Z,5.93579,3.45588,-2.60832,4.05742
2014-02-14T02:51:30.000Z,5.86221,3.33339,-2.38759,4.18196
2014-02-14T02:52:30.000Z,5.86304,3.37535,-2.57809,4.03848
2014-02-14T02:53:30.000Z,5.87224,3.34823,-2.48304,4.12354
2014-02-14T02:54:30.000Z,5.91635,3.35096,-2.74279,4.02792
2014-02-14T02:55:30.000Z,6.04168,3.43236,-2.92854,4.01612
2014-02-14T02:56:30.000Z,6.06031,3.45944,-2.93036,4.02085
2014-02-14T02:57:30.000Z,6.01579,3.35123,-3.12167,3.89970
2014-02-14T02:58:30.000Z,6.05466,3.34271,-2.81872,4.18109
2014-02-14T02:59:30.000Z,6.08203,3.26897,-2.46006,4.49930
2014-02-14T03:00:30.000Z,6.05969,3.60175,-1.34889,4.64543
2014-02-14T03:01:30.000Z,6.03334,3.42037,-1.05049,4.85596
2014-02-14T03:02:30.000Z,6.04242,3.29618,-1.50787,4.82930
2014-02-14T03:03:30.000Z,6.01838,3.19575,-1.88147,4.73677
2014-02-14T03:04:30.000Z,6.01595,3.17959,-1.82127,4.77065
2014-02-14T03:05:30.000Z,6.03578,3.07498,-1.81201,4.86616
2014-02-14T03:06:30.000Z,6.05230,3.15842,-1.67352,4.88207
2014-02-14T03:07:30.000Z,6.04906,3.12157,-1.47580,4.96611
2014-02-14T03:08:30.000Z,6.04505,3.09356,-1.78844,4.87172
2014-02-14T03:09:30.000Z,6.03330,3.08190,-1.88898,4.82839
2014-02-14T03:10:30.000Z,6.00715,3.07589,-1.74376,4.85243
2014-02-14T03:11:30.000Z,6.00885,3.13648,-1.62798,4.85766
2014-02-14T03:12:30.000Z,6.02363,3.22989,-1.63328,4.81347
2014-02-14T03:13:30.000Z,5.92575,3.09652,-1.54077,4.80733
2014-02-14T03:14:30.000Z,6.05264,3.26807,-1.29185,4.92649
2014-02-14T03:15:30.000Z,6.04710,3.31481,-1.25899,4.89751
2014-02-14T03:16:30.000Z,6.05922,3.29237,-1.30935,4.91447
2014-02-14T03:17:30.000Z,6.05579,3.19961,-1.29363,4.97430
2014-02-14T03:18:30.000Z,6.02262,3.27937,-0.886243,4.97204
2014-02-14T03:19:30.000Z,6.00082,3.28171,-0.859890,4.94732
2014-02-14T03:20:30.000Z,5.97027,3.25255,-0.887113,4.92474
2014-02-14T03:21:30.000Z,5.96963,3.63835,-0.769068,4.66656
2014-02-14T03:22:30.000Z,5.95241,3.74398,-0.593817,4.58685
2014-02-14T03:23:30.000Z,5.92737,3.44743,-0.450807,4.79854
2014-02-14T03:24:30.000Z,5.91905,3.42920,-0.310142,4.81277
2014-02-14T03:25:30.000Z,5.92391,3.32169,-0.712220,4.85242
2014-02-14T03:26:30.000Z,5.87334,3.33181,-0.796428,4.76864
2014-02-14T03:27:30.000Z,5.72331,3.18943,-1.24148,4.58468
2014-02-14T03:28:30.000Z,5.73377,3.10391,-1.34125,4.62640
2014-02-14T03:29:30.000Z,5.74835,3.12097,-1.21821,4.66509
2014-02-14T03:30:30.000Z,5.77956,3.08160,-1.17976,4.74162
2014-02-14T03:31:30.000Z,5.74093,3.07098,-1.33140,4.66107
2014-02-14T03:32:30.000Z,5.72405,3.04428,-0.490156,4.82131
2014-02-14T03:33:30.000Z,5.71501,3.05151,-0.325082,4.81358
2014-02-14T03:34:30.000Z,5.69624,3.37655,-0.326358,4.56758
2014-02-14T03:35:30.000Z,5.72051,3.66869,-1.20646,4.21601
2014-02-14T03:36:30.000Z,5.73381,3.88038,-1.35516,3.98516
2014-02-14T03:37:30.000Z,5.73483,3.20365,-0.232691,4.66914
2014-02-14T03:38:30.000Z,5.72170,2.45572,0.414495,5.15017
2014-02-14T03:39:30.000Z,5.74450,2.62269,0.245348,5.10430
2014-02-14T03:40:30.000Z,5.73531,2.54826,0.284585,5.12514
2014-02-14T03:41:30.000Z,5.73040,2.24890,0.513680,5.24123
2014-02-14T03:42:30.000Z,5.72677,2.24191,0.364831,5.25070
2014-02-14T03:43:30.000Z,5.71349,2.36737,0.279346,5.18513
2014-02-14T03:44:30.000Z,5.71298,2.58437,0.417654,5.07189
2014-02-14T03:45:30.000Z,5.72175,2.52492,0.241025,5.12430
2014-02-14T03:46:30.000Z,5.71575,2.61353,0.134667,5.07838
2014-02-14T03:47:30.000Z,5.70515,2.88278,0.0453561,4.91498
2014-02-14T03:48:30.000Z,5.68909,3.13066,0.00274155,4.74441
2014-02-14T03:49:30.000Z,5.68143,3.09740,0.116219,4.75845
2014-02-14T03:50:30.000Z,5.68610,2.99187,-0.0820190,4.83024
2014-02-14T03:51:30.000Z,5.69865,2.75939,-0.161779,4.97687
2014-02-14T03:52:30.000Z,5.72718,2.95628,-0.443207,4.88259
2014-02-14T03:53:30.000Z,5.72574,3.01104,-0.490992,4.84270
2014-02-14T03:54:30.000Z,5.71500,3.05415,-0.447486,4.80755
2014-02-14T03:55:30.000Z,5.73548,3.33347,-0.689493,4.60612
2014-02-14T03:56:30.000Z,5.74200,3.23415,-1.14094,4.60314
2014-02-14T03:57:30.000Z,5.68732,3.21431,-0.916284,4.58692
2014-02-14T03:58:30.000Z,5.70022,3.15577,-0.900027,4.64113
2014-02-14T03:59:30.000Z,5.69141,2.78524,-1.19411,4.81168
2014-02-14T04:00:30.000Z,5.69584,3.04272,-1.24900,4.64978
2014-02-14T04:01:30.000Z,5.69375,3.29636,-1.34268,4.43707
2014-02-14T04:02:30.000Z,5.69572,3.40280,-1.18206,4.41153
2014-02-14T04:03:30.000Z,-1.00000e+31,-1.00000e+31,-1.00000e+31,-1.00000e+31
2014-02-14T04:04:30.000Z,-1.00000e+31,-1.00000e+31,-1.00000e+31,-1.00000e+31
2014-02-14T04:05:30.000Z,-1.00000e+31,-1.00000e+31,-1.00000e+31,-1.00000e+31
2014-02-14T04:06:30.000Z,5.77126,3.64405,-0.908706,4.38190
2014-02-14T04:07:30.000Z,5.74348,3.68471,-0.581537,4.36155
2014-02-14T04:08:30.000Z,5.67068,2.92468,-0.918401,4.76270
2014-02-14T04:09:30.000Z,5.67088,3.04062,-0.784118,4.72100
2014-02-14T04:10:30.000Z,5.68362,2.97031,-0.807209,4.77146
2014-02-14T04:11:30.000Z,5.69237,2.80909,-1.05017,4.83636
2014-02-14T04:12:30.000Z,-1.00000e+31,-1.00000e+31,-1.00000e+31,-1.00000e+31
2014-02-14T04:13:30.000Z,5.63744,2.77143,-0.793144,4.83579
2014-02-14T04:14:30.000Z,5.59820,3.35615,-0.684950,4.41330
2014-02-14T04:15:30.000Z,5.56584,3.42505,-0.578029,4.34283
2014-02-14T04:16:30.000Z,5.58554,3.42638,-0.475462,4.36916
2014-02-14T04:17:30.000Z,5.64949,3.15343,-1.09819,4.55015
2014-02-14T04:18:30.000Z,5.63853,3.16761,-1.36168,4.46073
2014-02-14T04:19:30.000Z,5.64520,3.24114,-1.47192,4.38074
2014-02-14T04:20:30.000Z,5.65408,3.26196,-1.72698,4.28128
2014-02-14T04:21:30.000Z,5.63749,3.19508,-1.70486,4.31760
2014-02-14T04:22:30.000Z,5.63501,3.12045,-1.69691,4.37383
2014-02-14T04:23:30.000Z,5.61708,3.01567,-1.90156,4.33606
2014-02-14T04:24:30.000Z,5.61974,2.90661,-1.94772,4.39508
2014-02-14T04:25:30.000Z,5.61153,3.06859,-1.81048,4.33193
2014-02-14T04:26:30.000Z,5.59513,3.25340,-2.05697,4.05388
2014-02-14T04:27:30.000Z,5.58272,3.29162,-2.13859,3.94895
2014-02-14T04:28:30.000Z,5.59037,3.20068,-2.15608,4.02616
2014-02-14T04:29:30.000Z,5.57782,3.40374,-1.80782,3.98403
2014-02-14T04:30:30.000Z,5.56470,3.34394,-2.02424,3.93292
2014-02-14T04:31:30.000Z,5.56541,3.23732,-2.35781,3.86258
2014-02-14T04:32:30.000Z,5.58260,3.31589,-2.34363,3.82948
2014-02-14T04:33:30.000Z,5.58347,3.30710,-2.38907,3.80870
2014-02-14T04:34:30.000Z,5.58684,3.35169,-2.43427,3.72780
2014-02-14T04:35:30.000Z,5.58647,3.51616,-2.04807,3.80632
2014-02-14T04:36:30.000Z,5.56928,3.15593,-2.76059,3.64240
2014-02-14T04:37:30.000Z,5.57527,2.94989,-3.11110,3.55238
2014-02-14T04:38:30.000Z,5.56532,2.69669,-3.04987,3.78512
2014-02-14T04:39:30.000Z,5.56422,2.63895,-2.95320,3.90359
2014-02-14T04:40:30.000Z,5.56418,3.16274,-3.14941,3.30448
2014-02-14T04:41:30.000Z,5.55922,3.29040,-3.20234,3.13018
2014-02-14T04:42:30.000Z,5.55485,3.42933,-2.17479,3.70129
2014-02-14T04:43:30.000Z,5.59248,3.41513,-1.55168,4.14067
2014-02-14T04:44:30.000Z,5.53129,3.21021,-1.22857,4.12628
2014-02-14T04:45:30.000Z,5.45761,2.17015,1.99921,3.58094
2014-02-14T04:46:30.000Z,5.56942,2.87885,-3.07732,3.42416
2014-02-14T04:47:30.000Z,5.53167,2.06485,-0.283011,4.19820
2014-02-14T04:48:30.000Z,5.32297,1.26474,2.75310,4.37150
2014-02-14T04:49:30.000Z,5.31477,0.861223,2.93271,4.26636
2014-02-14T04:50:30.000Z,-1.00000e+31,-1.00000e+31,-1.00000e+31,-1.00000e+31
2014-02-14T04:51:30.000Z,-1.00000e+31,-1.00000e+31,-1.00000e+31,-1.00000e+31
2014-02-14T04:52:30.000Z,5.51726,0.535027,4.09179,3.66162
2014-02-14T04:53:30.000Z,5.50941,0.493656,3.93390,3.82230
2014-02-14T04:54:30.000Z,5.52070,0.301455,4.05337,3.73326
2014-02-14T04:55:30.000Z,5.51616,0.299992,3.75452,4.02657
2014-02-14T04:56:30.000Z,5.51389,0.107832,3.97984,3.81270
2014-02-14T04:57:30.000Z,5.49620,0.0806580,4.03722,3.72481
2014-02-14T04:58:30.000Z,5.49396,0.232223,3.93756,3.82092
2014-02-14T04:59:30.000Z,5.54056,0.113756,3.97263,3.85900
2014-02-14T05:00:30.000Z,5.53236,-0.0820632,4.07242,3.74207
2014-02-14T05:01:30.000Z,5.50236,-0.107805,4.13679,3.62529
2014-02-14T05:02:30.000Z,5.50411,-0.0206661,4.17451,3.58608
2014-02-14T05:03:30.000Z,5.47910,0.184885,4.01993,3.71790
2014-02-14T05:04:30.000Z,5.53570,0.262535,4.05734,3.75643
2014-02-14T05:05:30.000Z,5.50802,0.308899,3.99145,3.78224
2014-02-14T05:06:30.000Z,5.49349,0.273651,4.01339,3.74023
2014-02-14T05:07:30.000Z,5.54886,0.245609,4.05373,3.77949
2014-02-14T05:08:30.000Z,5.60511,0.531660,3.94148,3.94801
2014-02-14T05:09:30.000Z,5.61234,0.544582,3.99155,3.90643
2014-02-14T05:10:30.000Z,5.67057,0.298638,4.02439,3.98324
2014-02-14T05:11:30.000Z,5.64724,0.363955,4.11738,3.84511
2014-02-14T05:12:30.000Z,5.65407,0.538186,4.17148,3.77828
2014-02-14T05:13:30.000Z,-1.00000e+31,-1.00000e+31,-1.00000e+31,-1.00000e+31
2014-02-14T05:14:30.000Z,5.65715,0.445500,4.20378,3.75918
2014-02-14T05:15:30.000Z,5.66124,0.517320,4.25130,3.70192
2014-02-14T05:16:30.000Z,5.66747,0.531282,4.25273,3.70825
2014-02-14T05:17:30.000Z,5.68185,0.463298,4.25904,3.73202
2014-02-14T05:18:30.000Z,5.70358,0.455009,4.28100,3.74080
2014-02-14T05:19:30.000Z,5.72539,0.497768,4.28395,3.76508
2014-02-14T05:20:30.000Z,5.73877,0.488189,4.30489,3.76298
2014-02-14T05:21:30.000Z,5.77314,0.540437,4.34974,3.75669
2014-02-14T05:22:30.000Z,5.79617,0.520598,4.38403,3.75531
2014-02-14T05:23:30.000Z,5.78727,0.571789,4.37964,3.73869
2014-02-14T05:24:30.000Z,5.80864,0.484475,4.34493,3.82382
2014-02-14T05:25:30.000Z,5.81826,0.456628,4.32158,3.86859
2014-02-14T05:26:30.000Z,5.81148,0.527718,4.32015,3.85093
2014-02-14T05:27:30.000Z,5.82252,0.527587,4.33245,3.85379
2014-02-14T05:28:30.000Z,5.82628,0.559094,4.32380,3.86455
2014-02-14T05:29:30.000Z,5.80718,0.480972,4.28759,3.88640
2014-02-14T05:30:30.000Z,5.78207,0.417185,4.28663,3.85648
2014-02-14T05:31:30.000Z,5.79723,0.323684,4.34203,3.82629
2014-02-14T05:32:30.000Z,5.78636,0.422767,4.35378,3.78704
2014-02-14T05:33:30.000Z,5.79906,0.209080,4.34481,3.83305
2014-02-14T05:34:30.000Z,5.81551,0.0296794,4.32027,3.89259
2014-02-14T05:35:30.000Z,5.83092,0.0783098,4.26838,3.97099
2014-02-14T05:36:30.000Z,5.84610,0.126639,4.24944,4.01229
2014-02-14T05:37:30.000Z,5.81589,0.156967,4.15019,4.07058
2014-02-14T05:38:30.000Z,5.83471,0.381587,4.22960,4.00032
2014-02-14T05:39:30.000Z,5.84213,0.551764,4.28609,3.93098
2014-02-14T05:40:30.000Z,5.84626,0.615815,4.36810,3.83568
2014-02-14T05:41:30.000Z,5.81519,0.527390,4.26479,3.90182
2014-02-14T05:42:30.000Z,5.75313,0.170333,4.10584,4.02221
2014-02-14T05:43:30.000Z,5.73531,0.419578,4.22301,3.85700
2014-02-14T05:44:30.000Z,5.68550,0.392865,4.13212,3.88391
2014-02-14T05:45:30.000Z,5.68079,0.467346,4.06616,3.93245
2014-02-14T05:46:30.000Z,5.62859,0.949035,3.92684,3.91428
2014-02-14T05:47:30.000Z,5.64973,0.275934,3.93705,4.02653
2014-02-14T05:48:30.000Z,5.66788,-0.180481,3.94232,4.06546
2014-02-14T05:49:30.000Z,5.67975,-0.122952,3.85258,4.16570
2014-02-14T05:50:30.000Z,5.67006,0.0849784,3.74445,4.24915
2014-02-14T05:51:30.000Z,5.61715,0.282275,3.64322,4.19037
2014-02-14T05:52:30.000Z,5.42186,1.15090,3.80105,3.68768
2014-02-14T05:53:30.000Z,5.40097,0.770147,3.60130,3.94706
2014-02-14T05:54:30.000Z,5.38136,0.701050,3.44880,4.07047
2014-02-14T05:55:30.000Z,5.34946,1.02618,3.41865,3.98291
2014-02-14T05:56:30.000Z,5.36321,0.790223,3.57621,3.90890
2014-02-14T05:57:30.000Z,5.37700,0.145197,3.55211,4.01192
2014-02-14T05:58:30.000Z,5.37577,-0.326548,3.35696,4.18289
2014-02-14T05:59:30.000Z,5.36707,-0.344880,3.36054,4.16474
2014-02-14T06:00:30.000Z,5.38919,-0.455189,3.11068,4.37111
2014-02-14T06:01:30.000Z,5.44013,-0.626450,2.95902,4.51195
2014-02-14T06:02:30.000Z,5.46803,-0.908685,2.83510,4.58522
2014-02-14T06:03:30.000Z,5.46012,-0.989909,2.84560,4.54411
2014-02-14T06:04:30.000Z,5.41061,-0.832615,2.85390,4.51599
2014-02-14T06:05:30.000Z,5.35351,-1.03604,2.64738,4.52620
2014-02-14T06:06:30.000Z,5.17754,-0.311742,3.32801,3.87656
2014-02-14T06:07:30.000Z,5.21178,-0.312248,3.33282,3.97494
2014-02-14T06:08:30.000Z,5.24246,-0.207171,3.19368,4.13784
2014-02-14T06:09:30.000Z,5.23159,0.158142,3.48092,3.89253
2014-02-14T06:10:30.000Z,5.18471,0.145541,3.51716,3.76990
2014-02-14T06:11:30.000Z,5.18937,0.429384,3.42834,3.86146
2014-02-14T06:12:30.000Z,5.01937,-0.0193925,3.17358,3.86282
2014-02-14T06:13:30.000Z,5.41920,0.243769,4.00332,3.62405
2014-02-14T06:14:30.000Z,5.76966,0.0451620,4.31384,3.82286
2014-02-14T06:15:30.000Z,5.89951,0.0237424,4.42511,3.89634
2014-02-14T06:16:30.000Z,5.97118,-0.340513,4.51817,3.88312
2014-02-14T06:17:30.000Z,6.01521,-0.162625,4.71525,3.72374
2014-02-14T06:18:30.000Z,6.04144,-0.147626,4.88209,3.55336
2014-02-14T06:19:30.000Z,6.01529,-0.331282,5.01368,3.29551
2014-02-14T06:20:30.000Z,5.86424,-0.316425,4.81553,3.24920
2014-02-14T06:21:30.000Z,5.73171,-0.115415,4.25668,3.83423
2014-02-14T06:22:30.000Z,5.83411,-0.155613,4.62246,3.54987
2014-02-14T06:23:30.000Z,5.86606,-0.177977,4.83968,3.30474
2014-02-14T06:24:30.000Z,5.61219,-0.276070,5.22556,1.89014
2014-02-14T06:25:30.000Z,5.53989,-0.409835,5.29567,1.57016
2014-02-14T06:26:30.000Z,5.51996,-0.531982,5.26229,1.57837
2014-02-14T06:27:30.000Z,5.53641,-0.549447,5.26527,1.62018
2014-02-14T06:28:30.000Z,5.51364,-0.598259,5.19332,1.74827
2014-02-14T06:29:30.000Z,5.49251,-0.606821,5.13857,1.84149
2014-02-14T06:30:30.000Z,-1.00000e+31,-1.00000e+31,-1.00000e+31,-1.00000e+31
2014-02-14T06:31:30.000Z,5.45394,-0.675436,4.96580,2.15080
2014-02-14T06:32:30.000Z,5.51757,-0.641229,5.01113,2.21632
2014-02-14T06:33:30.000Z,-1.00000e+31,-1.00000e+31,-1.00000e+31,-1.00000e+31
2014-02-14T06:34:30.000Z,5.46469,-0.593799,4.97678,2.17536
2014-02-14T06:35:30.000Z,5.38347,-0.591787,4.82769,2.30240
2014-02-14T06:36:30.000Z,5.05409,-0.515742,4.48597,2.26403
2014-02-14T06:37:30.000Z,5.06970,-0.385089,4.42446,2.42893
2014-02-14T06:38:30.000Z,5.01880,-0.631197,4.18915,2.67199
2014-02-14T06:39:30.000Z,5.02701,-0.223172,4.16233,2.75986
2014-02-14T06:40:30.000Z,5.18230,-0.487118,3.70686,3.56633
2014-02-14T06:41:30.000Z,5.16098,-0.726273,4.29058,2.65374
2014-02-14T06:42:30.000Z,-1.00000e+31,-1.00000e+31,-1.00000e+31,-1.00000e+31
2014-02-14T06:43:30.000Z,5.08862,-0.688177,4.33455,2.57327
2014-02-14T06:44:30.000Z,5.13679,-0.753108,4.38815,2.55766
2014-02-14T06:45:30.000Z,5.13845,-0.775085,4.34954,2.61259
2014-02-14T06:46:30.000Z,5.12731,-0.986899,4.41090,2.38234
2014-02-14T06:47:30.000Z,5.19111,-1.13627,4.44881,2.40128
2014-02-14T06:48:30.000Z,5.26969,-1.13113,4.29881,2.81539
2014-02-14T06:49:30.000Z,5.28520,-0.997281,4.43234,2.66584
2014-02-14T06:50:30.000Z,5.51289,-0.585150,4.51023,3.11390
2014-02-14T06:51:30.000Z,5.57756,-0.668267,4.60922,3.06879
2014-02-14T06:52:30.000Z,5.55529,-0.489926,4.59247,3.08522
2014-02-14T06:53:30.000Z,5.54402,-0.509726,4.39676,3.32695
2014-02-14T06:54:30.000Z,5.71042,-0.443128,4.55314,3.40861
2014-02-14T06:55:30.000Z,5.75080,-0.540460,4.62249,3.37392
2014-02-14T06:56:30.000Z,5.75881,-0.675165,4.65539,3.32001
2014-02-14T06:57:30.000Z,5.71810,-0.903485,4.67072,3.16514
2014-02-14T06:58:30.000Z,5.72212,-0.762731,4.58605,3.33121
2014-02-14T06:59:30.000Z,5.71656,-0.732026,4.46427,3.49034
2014-02-14T07:00:30.000Z,5.73057,-0.604957,4.41627,3.59969
2014-02-14T07:01:30.000Z,5.75142,-0.694281,4.46553,3.55657
2014-02-14T07:02:30.000Z,-1.00000e+31,-1.00000e+31,-1.00000e+31,-1.00000e+31
2014-02-14T07:03:30.000Z,5.72183,-0.641229,4.40374,3.59554
2014-02-14T07:04:30.000Z,5.71698,-0.431479,4.36004,3.66744
2014-02-14T07:05:30.000Z,5.65750,-0.232108,4.27084,3.69665
2014-02-14T07:06:30.000Z,5.65141,-0.105656,3.92598,4.06203
2014-02-14T07:07:30.000Z,-1.00000e+31,-1.00000e+31,-1.00000e+31,-1.00000e+31
2014-02-14T07:08:30.000Z,-1.00000e+31,-1.00000e+31,-1.00000e+31,-1.00000e+31
2014-02-14T07:09:30.000Z,5.52383,0.0532585,3.73037,4.06479
2014-02-14T07:10:30.000Z,5.53173,0.0759058,3.67822,4.11045
2014-02-14T07:11:30.000Z,-1.00000e+31,-1.00000e+31,-1.00000e+31,-1.00000e+31
2014-02-14T07:12:30.000Z,5.48289,-0.436129,3.87624,3.84634
2014-02-14T07:13:30.000Z,5.53672,0.306826,3.49647,4.26393
2014-02-14T07:14:30.000Z,5.51715,0.335885,3.58614,4.16385
2014-02-14T07:15:30.000Z,5.34743,0.362150,3.65155,3.86642
2014-02-14T07:16:30.000Z,5.30013,0.625646,3.59021,3.82847
2014-02-14T07:17:30.000Z,5.36295,0.329049,3.69037,3.87189
2014-02-14T07:18:30.000Z,5.31044,0.221688,3.64584,3.85359
2014-02-14T07:19:30.000Z,5.26454,0.433884,3.70599,3.70390
2014-02-14T07:20:30.000Z,5.22087,0.496040,3.85194,3.48098
2014-02-14T07:21:30.000Z,5.23779,0.0326541,3.86829,3.52154
2014-02-14T07:22:30.000Z,5.18606,-0.392914,3.90914,3.38235
2014-02-14T07:23:30.000Z,5.17205,0.108779,3.80112,3.49072
2014-02-14T07:24:30.000Z,5.21569,0.284511,3.75453,3.58475
2014-02-14T07:25:30.000Z,-1.00000e+31,-1.00000e+31,-1.00000e+31,-1.00000e+31
2014-02-14T07:26:30.000Z,4.94020,-0.704810,4.25956,2.37767
2014-02-14T07:27:30.000Z,5.01203,-0.494457,3.89203,3.08731
2014-02-14T07:28:30.000Z,4.98597,-0.239184,3.81580,3.16999
2014-02-14T07:29:30.000Z,4.92276,-0.679155,3.52039,3.34442
2014-02-14T07:30:30.000Z,4.84278,-0.459745,3.23435,3.55905
2014-02-14T07:31:30.000Z,4.67466,-0.641128,3.35733,3.17417
2014-02-14T07:32:30.000Z,4.63361,-0.714688,3.53099,2.90659
2014-02-14T07:33:30.000Z,4.89079,-1.24619,3.94583,2.53206
2014-02-14T07:34:30.000Z,5.42203,-0.772310,4.15055,3.22938
2014-02-14T07:35:30.000Z,5.57943,-1.33319,4.14112,3.45530
2014-02-14T07:36:30.000Z,5.60539,-0.712562,3.91697,3.90795
2014-02-14T07:37:30.000Z,5.76046,-0.413535,4.20784,3.89960
2014-02-14T07:38:30.000Z,5.87998,0.0230528,4.02310,4.27023
2014-02-14T07:39:30.000Z,5.98438,0.160566,3.35717,4.93935
2014-02-14T07:40:30.000Z,6.03509,0.428602,2.65150,5.40192
2014-02-14T07:41:30.000Z,5.93888,0.520226,2.53748,5.34044
2014-02-14T07:42:30.000Z,5.86048,0.202090,3.19143,4.90776
2014-02-14T07:43:30.000Z,5.87894,0.316725,3.12142,4.96940
2014-02-14T07:44:30.000Z,5.92762,0.136420,3.22299,4.97078
2014-02-14T07:45:30.000Z,5.88893,0.234139,3.11759,4.98941
2014-02-14T07:46:30.000Z,5.90629,0.239515,3.03216,5.06214
2014-02-14T07:47:30.000Z,5.90814,0.299867,2.92486,5.12349
2014-02-14T07:48:30.000Z,5.95298,0.307466,3.06733,5.09194
2014-02-14T07:49:30.000Z,5.98637,0.245133,3.10258,5.11307
2014-02-14T07:50:30.000Z,6.02074,0.390590,2.82122,5.30212
2014-02-14T07:51:30.000Z,6.06954,0.341425,3.13007,5.18547
2014-02-14T07:52:30.000Z,6.09145,0.389575,3.30084,5.10451
2014-02-14T07:53:30.000Z,6.08442,0.441781,3.19273,5.15767
2014-02-14T07:54:30.000Z,6.07190,0.529243,3.13499,5.17070
2014-02-14T07:55:30.000Z,6.08883,0.566694,3.17403,5.16393
2014-02-14T07:56:30.000Z,6.11969,0.466090,3.39816,5.06767
2014-02-14T07:57:30.000Z,6.11157,0.473647,3.41452,5.04543
2014-02-14T07:58:30.000Z,6.11329,0.464542,3.34853,5.09296
2014-02-14T07:59:30.000Z,6.13580,0.415186,3.29567,5.15871
2014-02-14T08:00:30.000Z,6.14462,0.404006,3.30415,5.16484
2014-02-14T08:01:30.000Z,-1.00000e+31,-1.00000e+31,-1.00000e+31,-1.00000e+31
2014-02-14T08:02:30.000Z,-1.00000e+31,-1.00000e+31,-1.00000e+31,-1.00000e+31
2014-02-14T08:03:30.000Z,-1.00000e+31,-1.00000e+31,-1.00000e+31,-1.00000e+31
2014-02-14T08:04:30.000Z,6.12446,0.625056,3.36464,5.07878
2014-02-14T08:05:30.000Z,6.12157,0.460734,3.40790,5.06223
2014-02-14T08:06:30.000Z,6.06646,0.601033,3.35106,5.02079
2014-02-14T08:07:30.000Z,6.02932,0.582906,3.34583,4.98141
2014-02-14T08:08:30.000Z,-1.00000e+31,-1.00000e+31,-1.00000e+31,-1.00000e+31
2014-02-14T08:09:30.000Z,5.85544,0.796404,3.39790,4.69283
2014-02-14T08:10:30.000Z,5.86135,0.894390,3.32897,4.73323
2014-02-14T08:11:30.000Z,5.99311,0.559581,3.25143,5.00276
2014-02-14T08:12:30.000Z,5.97359,0.748883,3.21493,4.97689
2014-02-14T08:13:30.000Z,5.99003,0.751632,3.18232,5.01795
2014-02-14T08:14:30.000Z,5.96100,0.749785,3.08774,5.04288
2014-02-14T08:15:30.000Z,5.89646,0.723225,2.99040,5.03001
2014-02-14T08:16:30.000Z,5.85838,0.627567,2.98810,4.99890
2014-02-14T08:17:30.000Z,5.82416,0.564278,2.92262,5.00538
2014-02-14T08:18:30.000Z,5.84460,0.498982,2.89578,5.05157
2014-02-14T08:19:30.000Z,5.82840,0.403018,2.94674,5.01112
2014-02-14T08:20:30.000Z,5.82360,0.543706,2.94983,4.99059
2014-02-14T08:21:30.000Z,5.82529,0.581675,2.89396,5.02171
2014-02-14T08:22:30.000Z,5.83063,0.607501,2.80852,5.07223
2014-02-14T08:23:30.000Z,5.83491,0.711226,2.68045,5.13148
2014-02-14T08:24:30.000Z,5.86904,0.00633111,3.13027,4.95090
2014-02-14T08:25:30.000Z,5.87067,-0.228321,3.21230,4.90772
2014-02-14T08:26:30.000Z,5.85175,-0.102282,3.07618,4.97654
2014-02-14T08:27:30.000Z,5.85324,-0.0444362,3.05129,4.99450
2014-02-14T08:28:30.000Z,5.89232,-0.177939,3.07883,5.01923
2014-02-14T08:29:30.000Z,5.91390,-0.267428,3.09596,5.03003
2014-02-14T08:30:30.000Z,5.93963,-0.212118,3.11487,5.05072
2014-02-14T08:31:30.000Z,5.95844,-0.281487,3.09888,5.07614
2014-02-14T08:32:30.000Z,5.85050,0.0773791,3.11332,4.95112
2014-02-14T08:33:30.000Z,5.90159,0.0795798,3.10413,5.01809
2014-02-14T08:34:30.000Z,5.91054,-0.0181470,2.85590,5.17008
2014-02-14T08:35:30.000Z,5.91936,-0.121078,2.67924,5.27434
2014-02-14T08:36:30.000Z,5.91603,0.0498558,2.59450,5.31596
2014-02-14T08:37:30.000Z,5.90242,0.146181,2.54319,5.32348
2014-02-14T08:38:30.000Z,5.92751,0.278287,2.61684,5.30892
2014-02-14T08:39:30.000Z,5.93743,0.209760,2.40520,5.42339
2014-02-14T08:40:30.000Z,-1.00000e+31,-1.00000e+31,-1.00000e+31,-1.00000e+31
2014-02-14T08:41:30.000Z,5.83113,0.336315,2.10084,5.42887
2014-02-14T08:42:30.000Z,5.87091,0.333531,2.08863,5.47591
2014-02-14T08:43:30.000Z,5.89096,0.289679,2.13889,5.48036
2014-02-14T08:44:30.000Z,5.89645,0.243346,1.99335,5.54156
2014-02-14T08:45:30.000Z,5.83953,0.140145,2.11430,5.44098
2014-02-14T08:46:30.000Z,5.85186,0.0955966,1.98223,5.50253
2014-02-14T08:47:30.000Z,5.87728,-0.0744962,1.82714,5.58280
2014-02-14T08:48:30.000Z,5.50791,-0.314469,2.74791,4.59665
2014-02-14T08:49:30.000Z,5.30124,-0.298769,3.33784,4.10460
2014-02-14T08:50:30.000Z,5.48057,-0.229614,3.15735,4.46992
2014-02-14T08:51:30.000Z,5.54676,-0.0672110,3.09254,4.60330
2014-02-14T08:52:30.000Z,5.57607,-0.0605892,3.10714,4.62686
2014-02-14T08:53:30.000Z,5.59727,-0.348096,3.26377,4.52969
2014-02-14T08:54:30.000Z,5.74247,-0.438231,3.36682,4.62844
2014-02-14T08:55:30.000Z,5.77861,-0.598457,3.44457,4.60031
2014-02-14T08:56:30.000Z,5.73308,-0.679608,3.43002,4.54212
2014-02-14T08:57:30.000Z,5.77796,-0.576482,3.26226,4.73276
2014-02-14T08:58:30.000Z,5.78584,-0.567653,3.36656,4.67037
2014-02-14T08:59:30.000Z,5.80011,-0.546762,3.27788,4.75275
2014-02-14T09:00:30.000Z,5.77299,-0.606878,3.31238,4.68499
2014-02-14T09:01:30.000Z,5.81247,-0.733235,3.48628,4.59194
2014-02-14T09:02:30.000Z,5.77846,-0.696269,3.49924,4.54404
2014-02-14T09:03:30.000Z,5.77904,-0.759327,3.50212,4.53347
2014-02-14T09:04:30.000Z,5.78067,-0.837035,3.51952,4.50849
2014-02-14T09:05:30.000Z,5.80605,-0.871152,3.49781,4.55132
2014-02-14T09:06:30.000Z,5.79765,-0.991515,3.45089,4.55170
2014-02-14T09:07:30.000Z,5.78682,-1.00723,3.44209,4.54117
2014-02-14T09:08:30.000Z,5.80722,-1.00506,3.45538,4.55746
2014-02-14T09:09:30.000Z,5.77964,-1.13730,3.44208,4.49955
2014-02-14T09:10:30.000Z,5.75494,-1.16588,3.44486,4.45709
2014-02-14T09:11:30.000Z,5.73430,-1.17669,3.45976,4.41713
2014-02-14T09:12:30.000Z,5.72656,-1.15171,3.22149,4.58967
2014-02-14T09:13:30.000Z,5.68219,-1.27894,3.21649,4.50116
2014-02-14T09:14:30.000Z,5.64585,-1.34777,3.14813,4.47690
2014-02-14T09:15:30.000Z,5.65328,-1.32118,3.10496,4.51981
2014-02-14T09:16:30.000Z,5.70177,-1.22448,2.94465,4.72349
2014-02-14T09:17:30.000Z,5.98135,-1.36419,3.33274,4.75734
2014-02-14T09:18:30.000Z,5.74948,-1.22062,3.34828,4.50967
2014-02-14T09:19:30.000Z,5.62257,-1.23113,3.28780,4.39130
2014-02-14T09:20:30.000Z,5.51557,-1.21456,3.19785,4.32619
2014-02-14T09:21:30.000Z,5.44760,-1.06024,3.12385,4.33445
2014-02-14T09:22:30.000Z,5.38054,-0.971300,2.85106,4.45609
2014-02-14T09:23:30.000Z,5.14621,-1.01743,2.87689,4.12774
2014-02-14T09:24:30.000Z,4.93553,-1.49660,3.25763,3.38689
2014-02-14T09:25:30.000Z,4.89909,-1.74982,3.28121,3.18743
2014-02-14T09:26:30.000Z,4.84027,-1.85719,3.29152,3.02353
2014-02-14T09:27:30.000Z,4.71607,-1.84809,3.15881,2.97298
2014-02-14T09:28:30.000Z,4.83596,-1.70700,3.18201,3.21401
2014-02-14T09:29:30.000Z,4.87001,-1.63604,3.13796,3.34326
2014-02-14T09:30:30.000Z,4.87400,-0.960575,2.82750,3.83156
2014-02-14T09:31:30.000Z,5.12113,0.819745,1.35552,4.61986
2014-02-14T09:32:30.000Z,5.30608,1.55388,0.674218,5.02564
2014-02-14T09:33:30.000Z,5.34607,1.49808,0.778936,5.07001
2014-02-14T09:34:30.000Z,5.25809,1.54253,0.931577,4.93608
2014-02-14T09:35:30.000Z,5.47411,1.35195,1.27455,5.13982
2014-02-14T09:36:30.000Z,5.51200,1.58147,1.24324,5.12249
2014-02-14T09:37:30.000Z,5.51169,1.36222,0.849425,5.26185
2014-02-14T09:38:30.000Z,5.55702,1.76964,0.821572,5.19947
2014-02-14T09:39:30.000Z,5.49225,1.84408,0.484649,5.14124
2014-02-14T09:40:30.000Z,5.44959,1.81494,-0.479249,5.03426
2014-02-14T09:41:30.000Z,5.30530,2.20516,-0.193098,4.79322
2014-02-14T09:42:30.000Z,4.76410,1.88828,0.704390,4.20687
2014-02-14T09:43:30.000Z,4.68875,2.10800,-0.283306,4.16290
2014-02-14T09:44:30.000Z,4.80379,2.22388,-0.465493,4.15999
2014-02-14T09:45:30.000Z,5.02312,2.67605,-0.564767,4.20529
2014-02-14T09:46:30.000Z,4.86454,2.46943,-0.128525,4.17999
2014-02-14T09:47:30.000Z,4.80296,2.44160,0.229477,4.10119
2014-02-14T09:48:30.000Z,4.87060,2.60597,-0.0349550,4.10582
2014-02-14T09:49:30.000Z,5.00429,2.78383,-0.0755146,4.12918
2014-02-14T09:50:30.000Z,5.04598,2.72257,-0.667677,4.03549
2014-02-14T09:51:30.000Z,5.23064,2.95992,-1.03943,4.18334
2014-02-14T09:52:30.000Z,5.18681,2.85324,-0.645129,4.27610
2014-02-14T09:53:30.000Z,5.20924,2.95327,-0.827675,4.17315
2014-02-14T09:54:30.000Z,5.23176,3.09635,-1.06672,4.07699
2014-02-14T09:55:30.000Z,5.31550,3.17323,-1.18613,4.09324
2014-02-14T09:56:30.000Z,5.28505,3.28537,-0.878223,4.03820
2014-02-14T09:57:30.000Z,5.26961,3.34111,-0.962501,3.95706
2014-02-14T09:58:30.000Z,5.31131,3.37556,-1.06329,3.95595
2014-02-14T09:59:30.000Z,5.34290,3.27647,-1.12782,4.06621
2014-02-14T10:00:30.000Z,5.32451,3.37079,-1.31738,3.89875
2014-02-14T10:01:30.000Z,5.30181,3.37496,-1.42632,3.82942
2014-02-14T10:02:30.000Z,5.38327,2.96078,-0.995636,4.37019
2014-02-14T10:03:30.000Z,5.41143,2.92590,-0.952884,4.44934
2014-02-14T10:04:30.000Z,5.41725,2.99962,-0.963044,4.40634
2014-02-14T10:05:30.000Z,5.42072,3.11058,-0.950193,4.33495
2014-02-14T10:06:30.000Z,5.45466,3.04145,-0.872573,4.44249
2014-02-14T10:07:30.000Z,5.45206,3.02997,-0.809590,4.45873
2014-02-14T10:08:30.000Z,5.41005,3.08031,-0.820827,4.36944
2014-02-14T10:09:30.000Z,5.36779,3.01700,-0.878610,4.35007
2014-02-14T10:10:30.000Z,5.34752,2.95376,-0.877391,4.36728
2014-02-14T10:11:30.000Z,5.52665,2.19353,0.509384,4.88942
2014-02-14T10:12:30.000Z,5.79068,1.10044,1.52368,5.39464
2014-02-14T10:13:30.000Z,5.77218,0.958203,1.68940,5.34060
2014-02-14T10:14:30.000Z,5.61686,0.663178,2.55011,4.95619
2014-02-14T10:15:30.000Z,5.56276,0.591040,2.72530,4.80859
2014-02-14T10:16:30.000Z,5.62513,0.400445,2.79198,4.85630
2014-02-14T10:17:30.000Z,5.57745,0.174886,2.71216,4.86500
2014-02-14T10:18:30.000Z,5.71927,-0.191437,2.51232,5.11960
2014-02-14T10:19:30.000Z,5.79846,-0.186360,2.88837,5.01023
2014-02-14T10:20:30.000Z,5.89249,0.592634,3.51714,4.58283
2014-02-14T10:21:30.000Z,5.78324,-0.129205,2.86278,4.88528
2014-02-14T10:22:30.000Z,5.71268,-0.458041,2.38498,5.17010
2014-02-14T10:23:30.000Z,5.80603,-0.498605,2.61969,5.15608
2014-02-14T10:24:30.000Z,5.91553,-0.617862,2.91771,5.10749
2014-02-14T10:25:30.000Z,5.99419,-0.836881,3.09637,5.06228
2014-02-14T10:26:30.000Z,6.02019,-0.888168,3.24342,4.99134
2014-02-14T10:27:30.000Z,5.95346,-0.571067,3.44432,4.81632
2014-02-14T10:28:30.000Z,6.00109,-0.666492,3.61738,4.72556
2014-02-14T10:29:30.000Z,6.06100,-0.720851,3.90825,4.57089
2014-02-14T10:30:30.000Z,6.01176,-0.608847,4.03620,4.41238
2014-02-14T10:31:30.000Z,6.00559,-0.498622,4.15736,4.30124
2014-02-14T10:32:30.000Z,5.94498,-0.620623,4.08582,4.26829
2014-02-14T10:33:30.000Z,5.92548,-0.671026,4.32412,3.98540
2014-02-14T10:34:30.000Z,5.84014,-0.630430,4.00999,4.19338
2014-02-14T10:35:30.000Z,5.85979,-0.835416,4.11444,4.08619
2014-02-14T10:36:30.000Z,5.83238,-0.842451,4.20964,3.94650
2014-02-14T10:37:30.000Z,5.78273,-0.850486,4.13129,3.95385
2014-02-14T10:38:30.000Z,5.69940,-0.765597,3.97812,4.00609
2014-02-14T10:39:30.000Z,5.66410,-0.631998,4.04923,3.90479
2014-02-14T10:40:30.000Z,5.85823,-0.502594,4.01529,4.23237
2014-02-14T10:41:30.000Z,5.94996,-0.283149,3.98378,4.40562
2014-02-14T10:42:30.000Z,5.96532,-0.651878,3.76594,4.53185
2014-02-14T10:43:30.000Z,5.99591,-0.129970,3.69193,4.70919
2014-02-14T10:44:30.000Z,5.97318,-0.249615,3.62140,4.73546
2014-02-14T10:45:30.000Z,5.93528,-0.742712,3.73970,4.54565
2014-02-14T10:46:30.000Z,5.92939,-0.559331,3.61634,4.66418
2014-02-14T10:47:30.000Z,5.92489,-0.635741,3.56746,4.68399
2014-02-14T10:48:30.000Z,5.75067,-0.403423,3.33730,4.65943
2014-02-14T10:49:30.000Z,5.73625,-0.527169,3.43922,4.55589
2014-02-14T10:50:30.000Z,5.77983,-0.401024,3.52497,4.56158
2014-02-14T10:51:30.000Z,5.77549,-0.296586,3.46795,4.60712
2014-02-14T10:52:30.000Z,5.74092,-0.00639380,3.18189,4.77583
2014-02-14T10:53:30.000Z,5.75088,-0.192275,3.44960,4.59381
2014-02-14T10:54:30.000Z,5.75548,-0.211808,3.59814,4.48196
2014-02-14T10:55:30.000Z,5.76148,-0.427397,3.97590,4.14545
2014-02-14T10:56:30.000Z,5.76549,-0.431103,3.91630,4.20819
2014-02-14T10:57:30.000Z,5.76780,-0.563689,4.04529,4.06986
2014-02-14T10:58:30.000Z,5.72992,-0.551888,4.21303,3.84244
2014-02-14T10:59:30.000Z,5.69545,-0.592784,4.28423,3.70534
2014-02-14T11:00:30.000Z,5.68760,-0.627593,4.30523,3.66320
2014-02-14T11:01:30.000Z,5.68287,-0.666173,4.28539,3.67188
2014-02-14T11:02:30.000Z,5.68823,-0.679960,4.26449,3.70172
2014-02-14T11:03:30.000Z,5.75314,-0.692175,4.26598,3.79621
2014-02-14T11:04:30.000Z,5.69557,-0.722308,4.39956,3.54329
2014-02-14T11:05:30.000Z,5.68421,-0.712214,4.32868,3.61378
2014-02-14T11:06:30.000Z,5.72693,-0.728579,4.34765,3.65513
2014-02-14T11:07:30.000Z,5.80565,-0.721909,4.45407,3.65233
2014-02-14T11:08:30.000Z,5.77643,-0.755812,4.49948,3.54172
2014-02-14T11:09:30.000Z,5.67730,-0.739504,4.28256,3.65215
2014-02-14T11:10:30.000Z,5.61952,-0.750797,4.37825,3.43888
2014-02-14T11:11:30.000Z,5.59127,-0.808805,4.46185,3.27003
2014-02-14T11:12:30.000Z,5.57477,-0.838724,4.44756,3.25004
2014-02-14T11:13:30.000Z,5.51862,-0.917391,4.78718,2.55891
2014-02-14T11:14:30.000Z,5.54778,-0.946347,4.92279,2.37453
2014-02-14T11:15:30.000Z,5.57464,-0.906211,4.89080,2.51591
2014-02-14T11:16:30.000Z,5.55617,-0.862066,4.77494,2.70627
2014-02-14T11:17:30.000Z,5.56168,-0.908853,4.73292,2.77322
2014-02-14T11:18:30.000Z,5.56506,-0.889426,4.73572,2.78246
2014-02-14T11:19:30.000Z,5.58989,-0.842836,4.72773,2.85963
2014-02-14T11:20:30.000Z,5.58852,-0.851190,4.64248,2.98692
2014-02-14T11:21:30.000Z,5.59477,-0.802759,4.60734,3.06784
2014-02-14T11:22:30.000Z,5.60191,-0.960057,4.65901,2.94954
2014-02-14T11:23:30.000Z,5.61413,-0.865246,4.67196,2.98840
2014-02-14T11:24:30.000Z,5.58912,-0.837280,4.67498,2.94066
2014-02-14T11:25:30.000Z,5.60544,-0.955295,4.48239,3.21833
2014-02-14T11:26:30.000Z,5.59946,-0.953007,4.38966,3.33512
2014-02-14T11:27:30.000Z,5.59402,-1.14822,4.39967,3.25702
2014-02-14T11:28:30.000Z,5.59781,-1.18471,4.50264,3.10605
2014-02-14T11:29:30.000Z,5.58279,-1.03966,4.64638,2.90434
2014-02-14T11:30:30.000Z,5.58871,-0.575490,4.95506,2.50750
2014-02-14T11:31:30.000Z,5.60124,-0.606281,4.73833,2.86692
2014-02-14T11:32:30.000Z,5.61927,-0.651758,4.41737,3.39582
2014-02-14T11:33:30.000Z,5.58714,-0.760801,4.28444,3.49016
2014-02-14T11:34:30.000Z,5.59723,-0.546466,4.62294,3.09988
2014-02-14T11:35:30.000Z,5.57141,-0.438684,4.61930,3.06672
2014-02-14T11:36:30.000Z,5.09117,-0.0734039,4.40796,2.46792
2014-02-14T11:37:30.000Z,4.80596,-0.430790,3.84336,2.84021
2014-02-14T11:38:30.000Z,4.77749,-0.380389,4.00310,2.56560
2014-02-14T11:39:30.000Z,4.83685,-0.141403,4.16806,2.42170
2014-02-14T11:40:30.000Z,4.79374,-0.321765,3.94232,2.70233
2014-02-14T11:41:30.000Z,4.90679,-0.243860,3.91933,2.93648
2014-02-14T11:42:30.000Z,4.84958,-0.0324312,4.12593,2.52385
2014-02-14T11:43:30.000Z,4.89134,0.0629439,4.46948,1.97035
2014-02-14T11:44:30.000Z,4.89555,-0.0122018,4.48451,1.93845
2014-02-14T11:45:30.000Z,4.94408,0.0215042,4.12883,2.70742
2014-02-14T11:46:30.000Z,5.06758,-0.0726137,4.01488,3.08697
2014-02-14T11:47:30.000Z,4.72824,-0.0365350,3.81817,2.78276
2014-02-14T11:48:30.000Z,4.38618,0.0453518,3.61939,2.45849
2014-02-14T11:49:30.000Z,4.11263,0.328367,3.16544,2.59535
2014-02-14T11:50:30.000Z,4.18232,0.133680,3.15967,2.73424
2014-02-14T11:51:30.000Z,4.14119,0.260912,3.07605,2.74353
2014-02-14T11:52:30.000Z,3.83061,0.370136,2.76596,2.61367
2014-02-14T11:53:30.000Z,4.00023,0.211132,2.83786,2.80172
2014-02-14T11:54:30.000Z,4.02270,-1.15017,3.06698,2.16517
2014-02-14T11:55:30.000Z,3.92815,-1.57431,3.09402,1.81113
2014-02-14T11:56:30.000Z,3.60519,0.325540,2.11975,2.50646
2014-02-14T11:57:30.000Z,3.57073,0.957438,1.82361,2.90505
2014-02-14T11:58:30.000Z,3.51154,1.19716,1.36815,2.98494
2014-02-14T11:59:30.000Z,3.47796,-0.254281,3.01354,1.17709
2014-02-14T12:00:30.000Z,3.48593,-0.541860,2.28554,2.33869
2014-02-14T12:01:30.000Z,3.46261,0.222685,0.976743,3.24322
2014-02-14T12:02:30.000Z,3.44222,0.650281,2.12451,2.45638
2014-02-14T12:03:30.000Z,3.43535,0.332751,1.26747,3.16882
2014-02-14T12:04:30.000Z,3.36384,0.645367,1.84001,2.72343
2014-02-14T12:05:30.000Z,3.37089,0.577206,2.28585,2.38904
2014-02-14T12:06:30.000Z,3.35188,0.533530,2.55282,2.02687
2014-02-14T12:07:30.000Z,3.45348,1.46244,1.55907,2.40829
2014-02-14T12:08:30.000Z,3.68825,2.84688,-0.549273,2.25796
2014-02-14T12:09:30.000Z,4.05720,3.09918,-1.20496,2.30007
2014-02-14T12:10:30.000Z,4.19799,3.23253,-1.27049,2.35505
2014-02-14T12:11:30.000Z,4.12083,3.20558,-1.25199,2.26170
2014-02-14T12:12:30.000Z,4.22881,3.09574,-1.76338,2.25761
2014-02-14T12:13:30.000Z,4.29549,2.97870,-2.03602,2.30180
2014-02-14T12:14:30.000Z,4.30735,2.92212,-2.17651,2.26582
2014-02-14T12:15:30.000Z,-1.00000e+31,-1.00000e+31,-1.00000e+31,-1.00000e+31
2014-02-14T12:16:30.000Z,-1.00000e+31,-1.00000e+31,-1.00000e+31,-1.00000e+31
2014-02-14T12:17:30.000Z,4.00900,2.93513,-1.32047,2.37890
2014-02-14T12:18:30.000Z,3.98046,2.86197,-1.56423,2.26537
2014-02-14T12:19:30.000Z,3.94671,2.68038,-0.139425,2.74101
2014-02-14T12:20:30.000Z,4.01859,2.38364,0.352730,3.20564
2014-02-14T12:21:30.000Z,4.03423,1.92069,0.391444,3.51617
2014-02-14T12:22:30.000Z,3.98063,1.99082,0.189190,3.43631
2014-02-14T12:23:30.000Z,3.97829,2.28047,0.131511,3.25230
2014-02-14T12:24:30.000Z,4.04460,2.78446,-0.278346,2.90851
2014-02-14T12:25:30.000Z,3.94040,2.72836,-0.922591,2.56999
2014-02-14T12:26:30.000Z,3.85789,2.94242,-1.41750,2.04101
2014-02-14T12:27:30.000Z,3.90279,2.79521,-1.67915,2.10991
2014-02-14T12:28:30.000Z,4.15635,2.97725,-1.81755,2.21946
2014-02-14T12:29:30.000Z,4.14810,2.84993,-1.10325,2.44493
2014-02-14T12:30:30.000Z,4.08753,3.11163,-0.202761,2.61326
2014-02-14T12:31:30.000Z,4.03949,2.86482,-0.451791,2.80878
2014-02-14T12:32:30.000Z,4.10040,2.95934,-0.504699,2.78820
2014-02-14T12:33:30.000Z,4.23556,3.02212,-1.10354,2.74487
2014-02-14T12:34:30.000Z,4.11415,2.83758,-1.06069,2.75780
2014-02-14T12:35:30.000Z,3.99276,2.97107,-1.15914,2.39432
2014-02-14T12:36:30.000Z,4.16559,3.01773,-0.160947,2.79066
2014-02-14T12:37:30.000Z,4.18212,2.97029,0.367603,2.90085
2014-02-14T12:38:30.000Z,4.36333,2.89267,1.17036,3.04328
2014-02-14T12:39:30.000Z,4.53377,2.85746,1.07183,3.34519
2014-02-14T12:40:30.000Z,4.47890,2.75475,1.15220,3.33546
2014-02-14T12:41:30.000Z,4.46855,2.74479,1.33503,3.25026
2014-02-14T12:42:30.000Z,4.62809,3.02617,1.17710,3.28183
2014-02-14T12:43:30.000Z,4.65423,2.86560,1.27050,3.43840
2014-02-14T12:44:30.000Z,4.63000,2.89340,1.32317,3.35816
2014-02-14T12:45:30.000Z,4.63821,2.84469,1.18800,3.46233
2014-02-14T12:46:30.000Z,4.59204,3.04984,1.13925,3.22541
2014-02-14T12:47:30.000Z,4.55598,3.17998,0.890708,3.13017
2014-02-14T12:48:30.000Z,4.55866,3.23539,0.648587,3.14007
2014-02-14T12:49:30.000Z,4.46068,3.27831,0.269675,3.00902
2014-02-14T12:50:30.000Z,4.30626,3.20364,0.325324,2.84272
2014-02-14T12:51:30.000Z,4.42989,3.14089,0.842737,3.00615
2014-02-14T12:52:30.000Z,4.44175,3.27045,0.623495,2.92352
2014-02-14T12:53:30.000Z,4.45662,3.22044,0.0737561,3.06878
2014-02-14T12:54:30.000Z,4.46125,2.88925,0.0280312,3.23959
2014-02-14T12:55:30.000Z,4.32857,3.02897,-0.254518,2.81915
2014-02-14T12:56:30.000Z,4.03506,2.27415,1.11157,2.96779
2014-02-14T12:57:30.000Z,3.56669,1.04079,1.79065,2.30626
2014-02-14T12:58:30.000Z,3.71468,-0.403195,3.62370,0.272894
2014-02-14T12:59:30.000Z,3.84354,-0.595616,3.71457,0.743207
2014-02-14T13:00:30.000Z,4.21688,-0.742544,4.10894,0.503880
2014-02-14T13:01:30.000Z,3.25132,-0.488051,3.18327,0.398172
2014-02-14T13:02:30.000Z,2.44957,-0.341899,2.36923,0.499311
2014-02-14T13:03:30.000Z,1.90968,-0.264801,1.80571,0.528513
2014-02-14T13:04:30.000Z,2.32624,-0.624608,2.17980,0.452389
2014-02-14T13:05:30.000Z,2.40950,-0.761563,2.27125,0.171030
2014-02-14T13:06:30.000Z,2.08564,-0.461818,1.94176,0.546602
2014-02-14T13:07:30.000Z,1.40666,-0.507115,0.982878,0.210386
2014-02-14T13:08:30.000Z,2.62931,0.905512,-2.39013,-0.116481
2014-02-14T13:09:30.000Z,3.23271,1.13872,-3.00021,-0.110520
2014-02-14T13:10:30.000Z,3.63846,1.49745,-3.10127,0.525731
2014-02-14T13:11:30.000Z,4.15261,1.91937,-3.40279,1.37374
2014-02-14T13:12:30.000Z,3.96724,2.16951,-2.79124,1.73632
2014-02-14T13:13:30.000Z,4.08116,1.98358,-3.42178,0.887793
2014-02-14T13:14:30.000Z,4.08014,2.01863,-3.22657,1.37930
2014-02-14T13:15:30.000Z,4.12448,2.32851,-3.07462,1.42356
2014-02-14T13:16:30.000Z,4.15390,2.28782,-3.27895,1.12185
2014-02-14T13:17:30.000Z,4.15740,2.32064,-3.22940,1.20450
2014-02-14T13:18:30.000Z,4.02588,2.37547,-3.08938,0.997020
2014-02-14T13:19:30.000Z,4.14818,2.51467,-3.05721,1.22209
2014-02-14T13:20:30.000Z,4.19522,2.86224,-2.77188,1.29693
2014-02-14T13:21:30.000Z,4.20132,3.22411,-2.11555,1.58143
2014-02-14T13:22:30.000Z,3.93273,3.15427,-1.57344,1.55489
2014-02-14T13:23:30.000Z,3.12970,1.20975,1.45155,1.96431
2014-02-14T13:24:30.000Z,2.42845,-0.564047,2.30178,0.428876
2014-02-14T13:25:30.000Z,2.69217,-1.03510,2.37612,0.675976
2014-02-14T13:26:30.000Z,2.41598,-1.09519,2.12414,0.324460
2014-02-14T13:27:30.000Z,2.78769,-1.29905,2.41880,0.466706
2014-02-14T13:28:30.000Z,3.08772,-1.53816,2.64801,0.381105
2014-02-14T13:29:30.000Z,3.10104,-1.41815,2.75056,0.178159
2014-02-14T13:30:30.000Z,3.40994,-1.44772,3.08516,0.0653451
2014-02-14T13:31:30.000Z,3.44527,-1.32205,3.17926,0.00661524
2014-02-14T13:32:30.000Z,3.16091,-1.41390,2.79133,-0.394121
2014-02-14T13:33:30.000Z,2.96645,-1.36555,2.60108,-0.320862
2014-02-14T13:34:30.000Z,3.03531,-1.14068,2.80838,0.0492106
2014-02-14T13:35:30.000Z,3.00527,-0.989188,2.78619,0.524264
2014-02-14T13:36:30.000Z,4.22465,-1.86468,3.75282,-0.142538
2014-02-14T13:37:30.000Z,4.70746,-1.89457,4.30090,0.0349207
2014-02-14T13:38:30.000Z,4.69171,-1.83402,4.24278,-0.424474
2014-02-14T13:39:30.000Z,5.10558,-1.68673,4.78462,-0.143891
2014-02-14T13:40:30.000Z,5.36653,-1.60566,5.09154,0.483422
2014-02-14T13:41:30.000Z,5.01207,-1.07110,4.61126,1.48464
2014-02-14T13:42:30.000Z,4.83142,-0.897003,4.14380,2.18786
2014-02-14T13:43:30.000Z,4.82205,-0.707757,3.72370,2.90701
2014-02-14T13:44:30.000Z,5.28766,-1.08148,4.50994,2.53068
2014-02-14T13:45:30.000Z,5.51856,-0.624220,4.45555,3.15784
2014-02-14T13:46:30.000Z,5.56566,-0.513097,4.47707,3.26115
2014-02-14T13:47:30.000Z,5.57800,-0.648540,4.70416,2.91806
2014-02-14T13:48:30.000Z,5.49742,-0.707918,4.53672,3.01005
2014-02-14T13:49:30.000Z,5.45020,-0.413195,4.29073,3.32822
2014-02-14T13:50:30.000Z,5.42239,-0.383799,4.37955,3.12978
2014-02-14T13:51:30.000Z,5.33468,-1.04339,4.60827,2.18314
2014-02-14T13:52:30.000Z,5.33394,-1.79743,4.84802,1.29499
2014-02-14T13:53:30.000Z,5.35501,-1.68386,4.79400,1.67311
2014-02-14T13:54:30.000Z,5.42155,-1.58699,4.84848,1.83184
2014-02-14T13:55:30.000Z,5.40204,-1.57187,4.89946,1.63314
2014-02-14T13:56:30.000Z,5.41564,-1.51182,4.88703,1.77417
2014-02-14T13:57:30.000Z,5.39202,-1.39430,4.81923,1.97319
2014-02-14T13:58:30.000Z,5.43269,-1.25827,4.83033,2.14086
2014-02-14T13:59:30.000Z,5.39411,-1.09372,4.74669,2.30952
2014-02-14T14:00:30.000Z,5.31467,-1.08490,4.68286,2.26008
2014-02-14T14:01:30.000Z,5.29549,-0.803514,4.73649,2.22454
2014-02-14T14:02:30.000Z,5.20833,-0.857938,4.55973,2.36029
2014-02-14T14:03:30.000Z,5.17470,-0.883503,4.62938,2.07815
2014-02-14T14:04:30.000Z,5.27960,-1.01250,4.84287,1.77045
2014-02-14T14:05:30.000Z,5.35197,-0.801657,4.65050,2.50326
2014-02-14T14:06:30.000Z,5.31360,-0.829637,4.79638,2.11484
2014-02-14T14:07:30.000Z,5.20289,-1.05660,4.71462,1.70396
2014-02-14T14:08:30.000Z,5.19762,-0.593285,4.49530,2.53385
2014-02-14T14:09:30.000Z,5.18118,-0.464812,4.43139,2.64296
2014-02-14T14:10:30.000Z,5.22146,-0.825405,4.67366,2.14583
2014-02-14T14:11:30.000Z,4.87238,-1.28595,4.59166,0.954393
2014-02-14T14:12:30.000Z,4.93232,-1.26803,4.70855,0.722157
2014-02-14T14:13:30.000Z,4.97260,-0.781420,4.61054,1.68186
2014-02-14T14:14:30.000Z,4.98478,-0.490445,4.51674,2.03881
2014-02-14T14:15:30.000Z,4.92268,-0.340416,4.47172,1.89971
2014-02-14T14:16:30.000Z,5.04996,-0.502677,4.66465,1.85508
2014-02-14T14:17:30.000Z,5.54589,-0.284790,4.77222,2.78307
2014-02-14T14:18:30.000Z,5.55130,-0.162906,4.86108,2.65775
2014-02-14T14:19:30.000Z,5.42376,0.125147,4.66793,2.75734
2014-02-14T14:20:30.000Z,5.45962,0.0442611,4.68494,2.80099
2014-02-14T14:21:30.000Z,5.49364,-0.0484560,4.77194,2.71983
2014-02-14T14:22:30.000Z,5.43864,0.257047,4.82171,2.49226
2014-02-14T14:23:30.000Z,5.43360,0.160849,4.79085,2.55507
2014-02-14T14:24:30.000Z,5.43728,0.157568,4.76574,2.61134
2014-02-14T14:25:30.000Z,5.32908,0.348574,4.59681,2.66888
2014-02-14T14:26:30.000Z,5.42498,0.260018,4.69116,2.69554
2014-02-14T14:27:30.000Z,5.32679,-0.182540,4.73103,2.39685
2014-02-14T14:28:30.000Z,5.29724,0.0650216,4.68523,2.31401
2014-02-14T14:29:30.000Z,5.25918,0.788368,4.54765,2.51413
2014-02-14T14:30:30.000Z,5.26142,-0.00779306,4.78596,1.83410
2014-02-14T14:31:30.000Z,5.34837,-0.236930,5.14279,1.37944
2014-02-14T14:32:30.000Z,5.37249,-0.221875,5.19431,1.33099
2014-02-14T14:33:30.000Z,5.35381,-0.0997208,5.14480,1.47626
2014-02-14T14:34:30.000Z,5.30755,-0.128786,5.09360,1.48380
2014-02-14T14:35:30.000Z,5.29167,-0.125483,5.10997,1.36535
2014-02-14T14:36:30.000Z,5.29586,0.0161949,5.00334,1.72870
2014-02-14T14:37:30.000Z,5.31136,0.116851,5.06247,1.59383
2014-02-14T14:38:30.000Z,5.36227,0.0957591,5.16558,1.42547
2014-02-14T14:39:30.000Z,5.29903,0.00174143,5.13766,1.28630
2014-02-14T14:40:30.000Z,5.28045,0.0464755,5.11754,1.28650
2014-02-14T14:41:30.000Z,5.32987,-0.0536646,5.15478,1.34490
2014-02-14T14:42:30.000Z,5.47024,0.0320543,5.24229,1.54861
2014-02-14T14:43:30.000Z,5.52816,0.0402750,5.30096,1.55657
2014-02-14T14:44:30.000Z,5.52626,-0.118827,5.23670,1.75363
2014-02-14T14:45:30.000Z,5.41351,-0.316405,5.18497,1.49772
2014-02-14T14:46:30.000Z,5.31486,-0.451539,5.16632,1.15488
2014-02-14T14:47:30.000Z,5.56308,-0.149508,5.35941,1.47902
2014-02-14T14:48:30.000Z,5.61069,-0.0849358,5.41722,1.45673
2014-02-14T14:49:30.000Z,5.50613,-0.00415137,5.36100,1.25444
2014-02-14T14:50:30.000Z,5.53901,-0.0295452,5.40325,1.21798
2014-02-14T14:51:30.000Z,5.44929,0.0217191,5.33712,1.09513
2014-02-14T14:52:30.000Z,5.24946,-0.0677513,5.15133,1.00314
2014-02-14T14:53:30.000Z,5.48344,-0.0533049,5.34895,1.19836
2014-02-14T14:54:30.000Z,5.52346,-0.222366,5.39847,1.13589
2014-02-14T14:55:30.000Z,5.61638,-0.312788,5.55084,0.783563
2014-02-14T14:56:30.000Z,5.68319,-0.172289,5.57369,1.08075
2014-02-14T14:57:30.000Z,5.68674,-0.303082,5.57101,1.09843
2014-02-14T14:58:30.000Z,5.63862,-0.305932,5.53602,1.01796
2014-02-14T14:59:30.000Z,5.40957,-0.189487,5.32037,0.953524
2014-02-14T15:00:30.000Z,5.55407,-0.0845213,5.49453,0.802275
2014-02-14T15:01:30.000Z,5.54403,0.0295096,5.50180,0.637860
2014-02-14T15:02:30.000Z,5.55582,0.108413,5.52879,0.531368
2014-02-14T15:03:30.000Z,5.41033,-0.159235,5.36733,0.639126
2014-02-14T15:04:30.000Z,5.54988,-0.368331,5.51614,0.477755
2014-02-14T15:05:30.000Z,5.54612,-0.358817,5.51333,0.479508
2014-02-14T15:06:30.000Z,5.52211,-0.399982,5.49355,0.383800
2014-02-14T15:07:30.000Z,5.38859,-0.450034,5.33946,0.546742
2014-02-14T15:08:30.000Z,5.34238,-0.448534,5.28494,0.609713
2014-02-14T15:09:30.000Z,5.43702,-0.540946,5.38008,0.543534
2014-02-14T15:10:30.000Z,5.23221,-0.423919,5.16091,0.691549
2014-02-14T15:11:30.000Z,5.21619,-0.519641,5.13352,0.758370
2014-02-14T15:12:30.000Z,5.14633,-0.520902,5.10176,0.413211
2014-02-14T15:13:30.000Z,5.24977,-0.582295,5.20848,0.271536
2014-02-14T15:14:30.000Z,5.22807,-0.512551,5.19079,0.343482
2014-02-14T15:15:30.000Z,5.16426,-0.640869,5.11731,0.207420
2014-02-14T15:16:30.000Z,5.18924,-0.778785,5.12957,0.0222479
2014-02-14T15:17:30.000Z,5.22951,-0.660414,5.18260,-0.186160
2014-02-14T15:18:30.000Z,5.27185,-0.666870,5.20739,-0.463340
2014-02-14T15:19:30.000Z,5.19643,-0.634408,5.14522,-0.335869
2014-02-14T15:20:30.000Z,5.09127,-0.670810,5.03195,-0.376880
2014-02-14T15:21:30.000Z,5.10096,-0.675888,5.03279,-0.409828
2014-02-14T15:22:30.000Z,5.29513,-0.611400,5.25590,-0.157276
2014-02-14T15:23:30.000Z,5.23915,-0.602240,5.19738,-0.182220
2014-02-14T15:24:30.000Z,5.23243,-0.511735,5.19186,-0.320576
2014-02-14T15:25:30.000Z,5.21842,-0.339453,5.17048,-0.590766
2014-02-14T15:26:30.000Z,5.21216,-0.364938,5.16042,-0.596844
2014-02-14T15:27:30.000Z,5.23140,-0.435219,5.14337,-0.839550
2014-02-14T15:28:30.000Z,5.19442,-0.464668,5.11187,-0.792298
2014-02-14T15:29:30.000Z,5.20492,-0.486369,5.10810,-0.865255
2014-02-14T15:30:30.000Z,5.20890,-0.348668,5.06226,-1.16093
2014-02-14T15:31:30.000Z,5.26551,-0.374968,5.10661,-1.22421
2014-02-14T15:32:30.000Z,5.14684,-0.283975,4.95814,-1.34987
2014-02-14T15:33:30.000Z,5.20436,-0.378611,5.00124,-1.36314
2014-02-14T15:34:30.000Z,5.24819,-0.407536,5.07613,-1.26344
2014-02-14T15:35:30.000Z,5.22674,-0.494375,5.09556,-1.04961
2014-02-14T15:36:30.000Z,5.59592,-0.718359,5.45649,-0.950776
2014-02-14T15:37:30.000Z,5.76320,-1.58457,5.40224,0.422170
2014-02-14T15:38:30.000Z,5.85810,-2.23983,4.71456,2.64804
2014-02-14T15:39:30.000Z,5.88494,-2.06469,5.06449,2.16445
2014-02-14T15:40:30.000Z,5.92067,-1.93799,5.19764,2.04671
2014-02-14T15:41:30.000Z,5.91492,-1.93788,5.14287,1.95408
2014-02-14T15:42:30.000Z,5.86580,-1.58485,5.34793,1.77017
2014-02-14T15:43:30.000Z,5.85696,-1.18588,5.39280,1.85953
2014-02-14T15:44:30.000Z,5.85583,-1.69235,5.08260,2.26139
2014-02-14T15:45:30.000Z,5.85826,-1.72442,5.06221,2.35535
2014-02-14T15:46:30.000Z,5.90031,-2.57792,4.77722,2.18021
2014-02-14T15:47:30.000Z,5.94938,-3.43390,4.27515,2.23706
2014-02-14T15:48:30.000Z,5.90433,-2.91774,4.12389,2.96460
2014-02-14T15:49:30.000Z,5.89670,-1.78128,4.76661,2.94801
2014-02-14T15:50:30.000Z,5.96066,-0.601043,5.34807,2.49430
2014-02-14T15:51:30.000Z,5.93802,-1.19889,4.82668,2.84105
2014-02-14T15:52:30.000Z,5.93614,-1.26432,4.81447,2.84665
2014-02-14T15:53:30.000Z,5.97969,0.404922,5.61054,1.91701
2014-02-14T15:54:30.000Z,6.02660,0.113935,5.92812,0.910919
2014-02-14T15:55:30.000Z,5.99326,0.492039,5.81529,0.781867
2014-02-14T15:56:30.000Z,5.98068,-0.574593,5.76336,1.43172
2014-02-14T15:57:30.000Z,5.98647,-0.365125,5.77264,1.52801
2014-02-14T15:58:30.000Z,5.97417,-0.234536,5.78743,1.45622
2014-02-14T15:59:30.000Z,5.96183,0.248838,5.72862,1.34908
2014-02-14T16:00:30.000Z,5.91374,-0.380233,5.55350,1.97431
2014-02-14T16:01:30.000Z,5.90728,-0.672745,5.36833,2.32020
2014-02-14T16:02:30.000Z,5.89819,-0.922897,5.39485,2.16966
2014-02-14T16:03:30.000Z,5.89743,-0.876300,5.09289,2.67901
2014-02-14T16:04:30.000Z,5.88289,-1.48788,5.58890,0.825969
2014-02-14T16:05:30.000Z,5.95912,-1.67880,5.64585,0.823358
2014-02-14T16:06:30.000Z,5.96976,-1.84715,5.64425,0.507682
2014-02-14T16:07:30.000Z,5.90663,-1.47079,5.58040,1.14624
2014-02-14T16:08:30.000Z,5.87919,-1.47316,5.50731,1.40225
2014-02-14T16:09:30.000Z,5.88699,-1.91790,5.41154,1.27825
2014-02-14T16:10:30.000Z,5.88586,-1.63202,5.46657,1.38140
2014-02-14T16:11:30.000Z,5.90276,-0.898366,5.56979,1.72151
2014-02-14T16:12:30.000Z,5.91060,-1.18250,5.54748,1.63490
2014-02-14T16:13:30.000Z,5.90972,-1.25952,5.47968,1.80870
2014-02-14T16:14:30.000Z,5.90375,-1.32768,5.48298,1.72081
2014-02-14T16:15:30.000Z,5.92167,-1.48769,5.54933,1.38870
2014-02-14T16:16:30.000Z,5.92087,-1.51735,5.61383,1.07947
2014-02-14T16:17:30.000Z,5.89809,-1.66849,5.59914,0.767047
2014-02-14T16:18:30.000Z,5.89078,-1.93556,5.30937,1.47665
2014-02-14T16:19:30.000Z,5.89331,-2.22613,5.00837,2.04130
2014-02-14T16:20:30.000Z,5.87904,-1.82145,5.27825,1.74375
2014-02-14T16:21:30.000Z,5.88166,-1.79224,5.36560,1.45269
2014-02-14T16:22:30.000Z,5.86736,-1.25805,5.22725,2.25702
2014-02-14T16:23:30.000Z,5.86925,-1.72192,5.05517,2.16634
2014-02-14T16:24:30.000Z,5.88900,-1.98571,5.48421,0.792840
2014-02-14T16:25:30.000Z,-1.00000e+31,-1.00000e+31,-1.00000e+31,-1.00000e+31
2014-02-14T16:26:30.000Z,5.88298,-0.526207,4.89040,3.21709
2014-02-14T16:27:30.000Z,5.90436,-0.516106,4.79591,3.39143
2014-02-14T16:28:30.000Z,5.87508,-0.704479,4.92238,2.86727
2014-02-14T16:29:30.000Z,5.98376,-2.01925,5.61070,-0.463488
2014-02-14T16:30:30.000Z,5.96489,-2.02546,5.60734,-0.0765939
2014-02-14T16:31:30.000Z,5.94160,-1.90874,5.58878,0.595933
2014-02-14T16:32:30.000Z,5.94293,-2.22350,5.41785,0.952825
2014-02-14T16:33:30.000Z,5.91914,-2.10792,5.51673,0.137552
2014-02-14T16:34:30.000Z,5.90433,-2.01892,5.46554,0.843436
2014-02-14T16:35:30.000Z,5.90248,-2.02546,5.36086,1.39572
2014-02-14T16:36:30.000Z,5.88584,-2.15168,5.26824,1.46917
2014-02-14T16:37:30.000Z,5.88871,-2.25676,5.21741,1.51432
2014-02-14T16:38:30.000Z,5.88960,-2.20891,5.24856,1.45123
2014-02-14T16:39:30.000Z,5.89358,-2.36418,5.27180,1.03881
2014-02-14T16:40:30.000Z,5.87003,-2.12396,5.24733,1.26597
2014-02-14T16:41:30.000Z,5.88185,-2.19284,4.86201,2.45594
2014-02-14T16:42:30.000Z,5.87923,-1.61534,5.15413,2.28300
2014-02-14T16:43:30.000Z,5.86686,-1.91282,5.23729,1.76679
2014-02-14T16:44:30.000Z,5.87925,-1.72595,5.35244,1.59475
2014-02-14T16:45:30.000Z,5.85632,-1.96353,5.23194,1.63671
2014-02-14T16:46:30.000Z,5.89444,-2.74605,5.20430,0.0715116
2014-02-14T16:47:30.000Z,5.87192,-2.46197,5.32421,0.0814655
2014-02-14T16:48:30.000Z,5.84632,-2.73644,5.10422,-0.737614
2014-02-14T16:49:30.000Z,5.84911,-2.35360,5.30880,-0.381384
2014-02-14T16:50:30.000Z,5.91256,-1.73683,5.23999,1.52673
2014-02-14T16:51:30.000Z,5.91357,-1.34025,5.00079,2.83783
2014-02-14T16:52:30.000Z,5.91627,-1.50512,4.95987,2.81883
2014-02-14T16:53:30.000Z,5.89656,-1.72015,5.12956,2.34044
2014-02-14T16:54:30.000Z,5.84630,-1.72518,5.03514,2.40108
2014-02-14T16:55:30.000Z,5.78264,-1.54179,4.64729,3.05976
2014-02-14T16:56:30.000Z,5.77649,-1.65406,4.82406,2.45994
2014-02-14T16:57:30.000Z,5.86193,-1.77433,5.20584,1.92407
2014-02-14T16:58:30.000Z,5.87377,-1.82876,5.31885,1.52953
2014-02-14T16:59:30.000Z,5.83293,-1.81471,5.41637,1.13317
2014-02-14T17:00:30.000Z,5.85459,-1.90410,5.34106,1.43978
2014-02-14T17:01:30.000Z,5.86788,-1.94720,5.31604,1.52106
2014-02-14T17:02:30.000Z,5.87872,-1.93873,5.28611,1.66842
2014-02-14T17:03:30.000Z,5.86783,-1.94549,5.21447,1.84875
2014-02-14T17:04:30.000Z,5.88602,-2.04837,5.25745,1.63007
2014-02-14T17:05:30.000Z,5.87968,-1.65956,5.44972,1.29655
2014-02-14T17:06:30.000Z,5.90231,-1.68754,5.53016,1.18011
2014-02-14T17:07:30.000Z,5.84378,-1.55955,4.83264,2.45796
2014-02-14T17:08:30.000Z,5.82861,-1.51778,4.52729,3.32961
2014-02-14T17:09:30.000Z,5.77828,-1.40962,5.10522,2.20292
2014-02-14T17:10:30.000Z,5.70526,-1.45757,5.07358,2.15696
2014-02-14T17:11:30.000Z,5.67584,-1.34568,4.94372,2.42352
2014-02-14T17:12:30.000Z,5.72523,-1.59048,4.97310,2.33489
2014-02-14T17:13:30.000Z,5.70798,-1.40358,4.98304,2.38276
2014-02-14T17:14:30.000Z,5.62198,-2.17199,4.35303,2.80997
2014-02-14T17:15:30.000Z,5.58960,-2.06010,4.43953,2.69749
2014-02-14T17:16:30.000Z,5.59101,-1.81620,4.51800,2.74034
2014-02-14T17:17:30.000Z,5.62488,-1.79776,4.64234,2.59993
2014-02-14T17:18:30.000Z,5.59961,-1.76695,4.61623,2.61964
2014-02-14T17:19:30.000Z,5.60062,-1.96490,4.53923,2.62166
2014-02-14T17:20:30.000Z,5.64698,-1.79659,4.59707,2.73795
2014-02-14T17:21:30.000Z,5.70124,-2.05140,4.54150,2.76556
2014-02-14T17:22:30.000Z,5.71882,-2.02714,4.55044,2.80361
2014-02-14T17:23:30.000Z,5.79733,-1.89035,4.79093,2.64892
2014-02-14T17:24:30.000Z,5.82472,-1.71800,4.97310,2.48980
2014-02-14T17:25:30.000Z,5.81788,-1.33769,5.21402,2.02687
2014-02-14T17:26:30.000Z,5.92947,-0.410789,5.79032,1.15907
2014-02-14T17:27:30.000Z,5.98133,-0.265038,5.85947,1.16215
2014-02-14T17:28:30.000Z,5.97188,-0.200212,5.85885,1.12906
2014-02-14T17:29:30.000Z,5.97289,-0.330132,5.83857,1.17651
2014-02-14T17:30:30.000Z,5.96043,-0.520013,5.77385,1.31978
2014-02-14T17:31:30.000Z,5.77369,-0.522779,5.54257,1.22706
2014-02-14T17:32:30.000Z,5.80236,-0.677487,5.52526,1.53310
2014-02-14T17:33:30.000Z,5.74513,-0.899335,5.44247,1.57066
2014-02-14T17:34:30.000Z,5.78362,-1.57091,5.07087,2.12549
2014-02-14T17:35:30.000Z,5.75758,-1.36426,4.91811,2.64776
2014-02-14T17:36:30.000Z,5.56370,-0.373715,5.11038,2.08075
2014-02-14T17:37:30.000Z,5.33871,-2.51956,2.29108,3.74805
2014-02-14T17:38:30.000Z,5.64800,-2.12468,1.84836,4.79322
2014-02-14T17:39:30.000Z,5.73777,-2.19879,3.38330,4.07437
2014-02-14T17:40:30.000Z,5.74554,-2.17954,3.57600,3.91647
2014-02-14T17:41:30.000Z,5.74629,-2.07060,3.88717,3.68084
2014-02-14T17:42:30.000Z,5.74356,-2.24626,4.44141,2.83452
2014-02-14T17:43:30.000Z,5.75765,-2.26684,4.23493,3.17219
2014-02-14T17:44:30.000Z,5.75767,-2.54703,4.02554,3.21796
2014-02-14T17:45:30.000Z,5.78338,-2.45914,3.83605,3.54445
2014-02-14T17:46:30.000Z,5.70762,-2.54071,3.70484,3.49771
2014-02-14T17:47:30.000Z,5.74799,-2.38073,4.14058,3.18396
2014-02-14T17:48:30.000Z,5.71865,-2.45453,3.74585,3.51912
2014-02-14T17:49:30.000Z,5.70842,-2.42406,3.91223,3.30916
2014-02-14T17:50:30.000Z,5.70688,-1.95309,2.65755,4.56042
2014-02-14T17:51:30.000Z,5.72960,-1.93442,1.76933,5.06382
2014-02-14T17:52:30.000Z,5.65136,-1.88482,1.82543,4.99570
2014-02-14T17:53:30.000Z,5.65015,-1.84554,2.15758,4.86624
2014-02-14T17:54:30.000Z,5.62737,-1.65642,0.0743812,5.18538
2014-02-14T17:55:30.000Z,5.58013,-1.48747,-0.764274,5.31360
2014-02-14T17:56:30.000Z,5.55801,-1.46680,-1.04221,5.25561
2014-02-14T17:57:30.000Z,5.53447,-1.59214,-0.558689,5.26658
2014-02-14T17:58:30.000Z,5.55147,-1.62921,-0.369147,5.28627
2014-02-14T17:59:30.000Z,5.53327,-1.71017,-0.205761,5.25175
2014-02-14T18:00:30.000Z,5.50331,-1.39862,-0.00500290,5.30874
2014-02-14T18:01:30.000Z,5.45960,-1.39163,0.0372437,5.26913
2014-02-14T18:02:30.000Z,5.40835,-1.40694,-0.503226,5.18419
2014-02-14T18:03:30.000Z,5.39228,-0.937016,-0.640521,5.27003
2014-02-14T18:04:30.000Z,5.43932,-1.04354,-0.691057,5.24314
2014-02-14T18:05:30.000Z,5.75127,-2.79131,1.38131,4.81638
2014-02-14T18:06:30.000Z,5.83687,-2.67378,1.48102,4.96868
2014-02-14T18:07:30.000Z,5.78328,-2.66331,1.48436,4.91253
2014-02-14T18:08:30.000Z,5.81494,-2.65159,1.41298,4.97391
2014-02-14T18:09:30.000Z,5.73297,-1.84246,0.838149,5.35029
2014-02-14T18:10:30.000Z,5.71463,-2.02321,0.712575,5.27911
2014-02-14T18:11:30.000Z,5.71448,-2.48461,0.872919,5.04465
2014-02-14T18:12:30.000Z,5.69287,-2.67616,0.756192,4.95469
2014-02-14T18:13:30.000Z,5.67242,-3.05012,0.521638,4.74376
2014-02-14T18:14:30.000Z,5.67782,-2.86317,1.07148,4.76766
2014-02-14T18:15:30.000Z,5.78305,-2.57927,1.60765,4.89663
2014-02-14T18:16:30.000Z,5.86284,-2.42268,2.09224,4.89448
2014-02-14T18:17:30.000Z,6.01668,-2.36225,1.82011,5.20241
2014-02-14T18:18:30.000Z,6.05066,-2.60408,1.38806,5.20776
2014-02-14T18:19:30.000Z,6.06810,-3.11370,0.706780,5.11390
2014-02-14T18:20:30.000Z,5.99615,-3.00799,0.323803,5.15925
2014-02-14T18:21:30.000Z,6.01527,-3.22889,-0.291477,4.98090
2014-02-14T18:22:30.000Z,6.12256,-3.46448,0.618125,4.95794
2014-02-14T18:23:30.000Z,6.09348,-3.64155,0.0495387,4.85909
2014-02-14T18:24:30.000Z,6.05669,-3.53027,-0.452122,4.82430
2014-02-14T18:25:30.000Z,5.86244,-3.03463,0.255001,4.99108
2014-02-14T18:26:30.000Z,5.82672,-3.01530,-0.235579,4.97262
2014-02-14T18:27:30.000Z,5.71957,-2.63163,-0.995581,4.96005
2014-02-14T18:28:30.000Z,5.90624,-2.66155,-0.351448,5.25834
2014-02-14T18:29:30.000Z,5.92520,-2.84747,-0.211980,5.18077
2014-02-14T18:30:30.000Z,5.89397,-3.17944,-0.0164374,4.95711
2014-02-14T18:31:30.000Z,5.91063,-2.88318,-0.0313345,5.15002
2014-02-14T18:32:30.000Z,5.91739,-2.76479,0.143808,5.21868
2014-02-14T18:33:30.000Z,5.74367,-2.64357,-1.08696,4.94166
2014-02-14T18:34:30.000Z,5.73905,-2.12266,-1.11621,5.19586
2014-02-14T18:35:30.000Z,5.76020,-2.61293,-0.941632,5.02335
2014-02-14T18:36:30.000Z,5.83746,-2.42633,-0.508057,5.27629
2014-02-14T18:37:30.000Z,6.00659,-2.59371,0.178724,5.39764
2014-02-14T18:38:30.000Z,5.98131,-2.80666,-0.255791,5.25754
2014-02-14T18:39:30.000Z,5.88940,-2.88938,-0.630973,5.01618
2014-02-14T18:40:30.000Z,5.81508,-2.54305,-0.0612901,5.21117
2014-02-14T18:41:30.000Z,5.84044,-2.36973,0.432129,5.31334
2014-02-14T18:42:30.000Z,5.83876,-2.80193,0.535967,5.08232
2014-02-14T18:43:30.000Z,5.92288,-2.24586,0.497763,5.45284
2014-02-14T18:44:30.000Z,5.93130,-2.44924,0.334279,5.37894
2014-02-14T18:45:30.000Z,5.80253,-2.64551,-0.654018,4.83027
2014-02-14T18:46:30.000Z,5.84006,-3.49933,-1.15779,4.50213
2014-02-14T18:47:30.000Z,5.77903,-2.96793,-0.610298,4.86143
2014-02-14T18:48:30.000Z,5.79199,-1.87670,0.836469,5.32241
2014-02-14T18:49:30.000Z,5.84196,-4.22328,-1.03380,3.10546
2014-02-14T18:50:30.000Z,5.87151,-4.81916,-1.42330,2.99275
2014-02-14T18:51:30.000Z,5.75732,-4.72384,-0.898213,3.14694
2014-02-14T18:52:30.000Z,5.70596,-4.59874,-1.00240,3.21693
2014-02-14T18:53:30.000Z,5.75107,-4.52347,-0.901116,3.43037
2014-02-14T18:54:30.000Z,5.76014,-4.20684,-0.897633,3.80494
2014-02-14T18:55:30.000Z,5.78306,-3.90331,-1.44708,4.01064
2014-02-14T18:56:30.000Z,5.83757,-3.89225,-1.47491,4.07877
2014-02-14T18:57:30.000Z,5.81912,-3.80015,-1.50778,4.13927
2014-02-14T18:58:30.000Z,5.78893,-3.72125,-1.37241,4.21574
2014-02-14T18:59:30.000Z,5.81068,-3.70704,-1.30294,4.27950
2014-02-14T19:00:30.000Z,5.80517,-3.73878,-1.26899,4.25384
2014-02-14T19:01:30.000Z,5.84292,-4.02957,-1.22386,4.04414
2014-02-14T19:02:30.000Z,5.82628,-3.68768,-1.33593,4.28684
2014-02-14T19:03:30.000Z,5.90496,-3.25119,-1.40683,4.72021
2014-02-14T19:04:30.000Z,5.93896,-3.34820,-1.49076,4.66809
2014-02-14T19:05:30.000Z,5.96067,-3.49477,-0.896128,4.71389
2014-02-14T19:06:30.000Z,6.02689,-3.11958,-0.963952,5.01898
2014-02-14T19:07:30.000Z,6.10012,-3.02236,-1.65863,5.02898
2014-02-14T19:08:30.000Z,6.09365,-2.33244,-2.42232,5.05006
2014-02-14T19:09:30.000Z,6.08258,-1.94901,-2.11668,5.34378
2014-02-14T19:10:30.000Z,5.99063,-3.03780,-1.45403,4.81807
2014-02-14T19:11:30.000Z,5.91381,-4.12835,0.0421052,4.22311
2014-02-14T19:12:30.000Z,5.85370,-3.88668,-0.0470053,4.37430
2014-02-14T19:13:30.000Z,5.85989,-3.76925,-0.178563,4.47443
2014-02-14T19:14:30.000Z,5.85829,-3.63244,-0.493090,4.55864
2014-02-14T19:15:30.000Z,5.82913,-3.58396,-0.291370,4.57771
2014-02-14T19:16:30.000Z,5.81410,-3.45583,-0.610709,4.61528
2014-02-14T19:17:30.000Z,5.78752,-3.12340,-0.558659,4.83722
2014-02-14T19:18:30.000Z,5.82002,-3.08852,-0.478994,4.88184
2014-02-14T19:19:30.000Z,5.79658,-3.36657,-0.0172704,4.70224
2014-02-14T19:20:30.000Z,5.79289,-3.57994,-1.20023,4.25154
2014-02-14T19:21:30.000Z,5.95764,-4.14001,-1.98734,3.77520
2014-02-14T19:22:30.000Z,6.00115,-4.34347,-1.86986,3.68671
2014-02-14T19:23:30.000Z,6.03058,-4.39286,-1.42456,3.86505
2014-02-14T19:24:30.000Z,5.90806,-4.09417,-0.703424,4.17633
2014-02-14T19:25:30.000Z,5.82693,-3.59844,0.229984,4.56392
2014-02-14T19:26:30.000Z,5.84634,-3.57779,0.345065,4.60768
2014-02-14T19:27:30.000Z,5.89599,-3.43641,0.562458,4.75397
2014-02-14T19:28:30.000Z,5.93947,-3.40842,0.636558,4.82076
2014-02-14T19:29:30.000Z,5.91907,-3.19694,0.856793,4.89931
2014-02-14T19:30:30.000Z,5.82403,-2.89355,1.12439,4.92488
2014-02-14T19:31:30.000Z,5.86318,-2.96341,1.08104,4.93286
2014-02-14T19:32:30.000Z,6.06289,-3.98515,0.340025,4.54771
2014-02-14T19:33:30.000Z,6.03290,-3.98644,0.149431,4.52079
2014-02-14T19:34:30.000Z,6.01870,-3.97708,0.0683697,4.50825
2014-02-14T19:35:30.000Z,5.97877,-3.84627,-0.177930,4.57118
2014-02-14T19:36:30.000Z,5.96914,-3.76823,-0.131599,4.61420
2014-02-14T19:37:30.000Z,5.94244,-3.96766,-0.385322,4.39512
2014-02-14T19:38:30.000Z,5.89522,-4.06256,-0.0151171,4.25822
2014-02-14T19:39:30.000Z,5.84349,-3.78632,0.392555,4.43089
2014-02-14T19:40:30.000Z,5.83321,-3.73072,0.313740,4.46932
2014-02-14T19:41:30.000Z,5.86732,-3.88888,0.568593,4.34566
2014-02-14T19:42:30.000Z,5.79120,-3.67756,0.826944,4.36005
2014-02-14T19:43:30.000Z,5.79246,-3.53798,0.502550,4.54981
2014-02-14T19:44:30.000Z,5.73122,-3.44577,0.587846,4.52511
2014-02-14T19:45:30.000Z,5.72301,-3.46146,0.652597,4.47765
2014-02-14T19:46:30.000Z,5.72635,-3.66400,0.372359,4.29291
2014-02-14T19:47:30.000Z,5.68504,-4.01266,0.241884,3.97763
2014-02-14T19:48:30.000Z,5.70775,-3.18410,0.365621,4.69184
2014-02-14T19:49:30.000Z,5.80653,-2.79466,1.47245,4.84660
2014-02-14T19:50:30.000Z,5.85501,-3.00655,1.51403,4.77229
2014-02-14T19:51:30.000Z,5.84641,-3.28872,0.947701,4.73434
2014-02-14T19:52:30.000Z,5.91306,-3.22945,1.16267,4.75952
2014-02-14T19:53:30.000Z,6.03246,-3.08918,1.57555,4.93477
2014-02-14T19:54:30.000Z,6.02821,-2.91136,1.60839,5.02492
2014-02-14T19:55:30.000Z,5.97672,-2.92418,1.94088,4.83384
2014-02-14T19:56:30.000Z,5.95031,-2.81677,1.71594,4.94899
2014-02-14T19:57:30.000Z,5.90804,-2.79788,1.75320,4.89496
2014-02-14T19:58:30.000Z,5.84753,-2.63001,2.32631,4.61557
2014-02-14T19:59:30.000Z,5.84175,-2.50541,3.12107,4.23928
2014-02-14T20:00:30.000Z,5.84783,-2.16038,3.60265,4.06263
2014-02-14T20:01:30.000Z,5.86400,-2.13009,3.80940,3.91317
2014-02-14T20:02:30.000Z,5.86358,-2.22571,3.72890,3.93377
2014-02-14T20:03:30.000Z,5.88623,-2.71761,3.17201,4.11764
2014-02-14T20:04:30.000Z,5.88659,-3.10063,2.49032,4.33666
2014-02-14T20:05:30.000Z,5.89925,-2.94168,2.55224,4.42649
2014-02-14T20:06:30.000Z,5.83865,-2.38460,3.08820,4.34062
2014-02-14T20:07:30.000Z,5.81543,-2.20375,3.10409,4.39453
2014-02-14T20:08:30.000Z,5.84557,-2.03690,3.15033,4.47086
2014-02-14T20:09:30.000Z,5.79910,0.717364,4.37771,3.58653
2014-02-14T20:10:30.000Z,5.75316,-0.308490,3.85306,3.77929
2014-02-14T20:11:30.000Z,5.74769,-2.24519,3.34403,4.08852
2014-02-14T20:12:30.000Z,5.76046,-2.44727,3.09495,4.16366
2014-02-14T20:13:30.000Z,5.80297,-2.81884,3.30095,3.80980
2014-02-14T20:14:30.000Z,5.79696,-3.07344,3.25629,3.65469
2014-02-14T20:15:30.000Z,5.81973,-3.10675,3.34864,3.59907
2014-02-14T20:16:30.000Z,5.81980,-3.42030,2.66134,3.85808
2014-02-14T20:17:30.000Z,5.81800,-4.34618,1.94419,3.24639
2014-02-14T20:18:30.000Z,5.84230,-3.71942,2.86557,3.39563
2014-02-14T20:19:30.000Z,5.85355,-3.22881,2.69391,4.01924
2014-02-14T20:20:30.000Z,5.84800,-2.68972,2.96774,4.25422
2014-02-14T20:21:30.000Z,5.80641,-2.18816,3.04315,4.39585
2014-02-14T20:22:30.000Z,5.88969,-0.591205,4.10748,3.95113
2014-02-14T20:23:30.000Z,5.97812,-0.166111,4.90168,3.40476
2014-02-14T20:24:30.000Z,6.04492,0.141460,5.09704,3.22636
2014-02-14T20:25:30.000Z,6.00853,0.363146,5.13310,3.05951
2014-02-14T20:26:30.000Z,6.02721,0.0200517,4.93994,3.26340
2014-02-14T20:27:30.000Z,6.04932,0.311064,5.35083,2.79488
2014-02-14T20:28:30.000Z,6.01236,-0.0592832,5.28494,2.84046
2014-02-14T20:29:30.000Z,5.99193,0.593155,4.84913,3.36992
2014-02-14T20:30:30.000Z,5.95980,0.678932,4.78474,3.42125
2014-02-14T20:31:30.000Z,5.94452,1.57318,4.40976,3.59227
2014-02-14T20:32:30.000Z,5.92917,1.52203,4.44780,3.59467
2014-02-14T20:33:30.000Z,-1.00000e+31,-1.00000e+31,-1.00000e+31,-1.00000e+31
2014-02-14T20:34:30.000Z,5.98137,0.969079,4.50999,3.79823
2014-02-14T20:35:30.000Z,5.97511,0.618002,4.76804,3.53701
2014-02-14T20:36:30.000Z,5.95581,0.251066,4.98975,3.23252
2014-02-14T20:37:30.000Z,5.94283,0.370461,5.09349,3.02698
2014-02-14T20:38:30.000Z,5.97895,0.590382,5.37418,2.49885
2014-02-14T20:39:30.000Z,5.98048,0.450939,4.94998,3.23850
2014-02-14T20:40:30.000Z,5.97035,0.342837,4.98122,3.19891
2014-02-14T20:41:30.000Z,5.97974,0.743653,5.05298,2.96937
2014-02-14T20:42:30.000Z,5.91684,2.64576,4.71643,2.30966
2014-02-14T20:43:30.000Z,5.89211,2.99028,4.65495,2.01212
2014-02-14T20:44:30.000Z,5.91566,2.95563,4.75782,1.87749
2014-02-14T20:45:30.000Z,5.95132,2.64667,4.99171,1.85502
2014-02-14T20:46:30.000Z,5.95645,2.71700,4.97967,1.78564
2014-02-14T20:47:30.000Z,5.92073,2.40564,4.77304,2.52688
2014-02-14T20:48:30.000Z,5.90511,2.50042,4.69100,2.55671
2014-02-14T20:49:30.000Z,5.98914,2.76782,4.72451,2.40010
2014-02-14T20:50:30.000Z,5.88392,2.48427,4.60115,2.68807
2014-02-14T20:51:30.000Z,5.90615,2.19989,4.77083,2.61762
2014-02-14T20:52:30.000Z,5.90421,1.90451,4.96694,2.54360
2014-02-14T20:53:30.000Z,5.92885,2.43147,4.96568,2.08327
2014-02-14T20:54:30.000Z,5.84615,0.810412,4.86349,2.99520
2014-02-14T20:55:30.000Z,5.82109,0.413350,4.97660,2.89099
2014-02-14T20:56:30.000Z,5.86407,0.132256,4.02097,4.21761
2014-02-14T20:57:30.000Z,5.91928,0.323163,4.73903,3.45248
2014-02-14T20:58:30.000Z,5.95034,0.452656,4.75336,3.51647
2014-02-14T20:59:30.000Z,5.98411,-0.457947,3.97932,4.40825
2014-02-14T21:00:30.000Z,6.01638,-0.879343,3.64498,4.69055
2014-02-14T21:01:30.000Z,5.97453,-0.836533,3.45743,4.79013
2014-02-14T21:02:30.000Z,6.00079,-0.796073,3.58538,4.73124
2014-02-14T21:03:30.000Z,6.02417,-0.520223,3.83771,4.61102
2014-02-14T21:04:30.000Z,5.98120,-0.348641,4.02576,4.40284
2014-02-14T21:05:30.000Z,5.97900,-0.665659,3.92964,4.40761
2014-02-14T21:06:30.000Z,5.92565,1.16111,5.19789,2.29163
2014-02-14T21:07:30.000Z,5.93795,1.51526,5.48888,1.66198
2014-02-14T21:08:30.000Z,5.95955,0.945753,5.59595,1.80211
2014-02-14T21:09:30.000Z,5.94508,1.10603,5.63208,1.53996
2014-02-14T21:10:30.000Z,5.95089,1.15351,5.67645,1.35945
2014-02-14T21:11:30.000Z,5.92734,0.905236,5.63507,1.58491
2014-02-14T21:12:30.000Z,5.89965,0.782676,5.54877,1.84106
2014-02-14T21:13:30.000Z,5.87723,0.867391,5.49644,1.87730
2014-02-14T21:14:30.000Z,5.85209,0.735793,5.52580,1.77549
2014-02-14T21:15:30.000Z,5.84430,0.646815,5.49002,1.89206
2014-02-14T21:16:30.000Z,5.80875,-0.166825,5.31666,2.30287
2014-02-14T21:17:30.000Z,5.78825,0.121952,5.44194,1.95290
2014-02-14T21:18:30.000Z,5.77680,0.283548,5.44262,1.90897
2014-02-14T21:19:30.000Z,5.75170,0.180183,5.41509,1.92529
2014-02-14T21:20:30.000Z,5.76037,0.224706,5.40316,1.97713
2014-02-14T21:21:30.000Z,5.73503,0.387633,5.41887,1.83305
2014-02-14T21:22:30.000Z,5.72973,0.617744,5.43265,1.70623
2014-02-14T21:23:30.000Z,5.73896,0.916834,5.44747,1.54997
2014-02-14T21:24:30.000Z,5.75185,0.917827,5.54987,1.19408
2014-02-14T21:25:30.000Z,5.73038,0.771222,5.59970,0.850746
2014-02-14T21:26:30.000Z,5.70011,0.583557,5.06840,2.46660
2014-02-14T21:27:30.000Z,5.75455,0.636680,4.90450,2.76281
2014-02-14T21:28:30.000Z,5.77410,0.797951,4.70616,3.18498
2014-02-14T21:29:30.000Z,5.79821,0.147154,4.99219,2.81073
2014-02-14T21:30:30.000Z,5.79549,-0.303946,5.42389,2.01302
2014-02-14T21:31:30.000Z,5.77187,-0.529824,5.47543,1.73382
2014-02-14T21:32:30.000Z,5.78469,-0.133085,5.35378,2.09346
2014-02-14T21:33:30.000Z,5.81164,0.759629,4.41337,3.57097
2014-02-14T21:34:30.000Z,5.88783,1.08835,4.34625,3.74179
2014-02-14T21:35:30.000Z,5.86775,1.01916,4.55093,3.55138
2014-02-14T21:36:30.000Z,5.88224,1.27856,4.63602,3.38427
2014-02-14T21:37:30.000Z,5.86625,1.42387,4.60650,3.33556
2014-02-14T21:38:30.000Z,5.85686,1.32557,4.30842,3.73021
2014-02-14T21:39:30.000Z,5.78917,0.267907,4.07669,4.08797
2014-02-14T21:40:30.000Z,5.80007,0.637183,4.04741,4.02655
2014-02-14T21:41:30.000Z,5.84697,0.596491,5.09602,2.79187
2014-02-14T21:42:30.000Z,5.89283,0.827413,5.14313,2.71801
2014-02-14T21:43:30.000Z,5.86418,0.827131,4.85726,3.11971
2014-02-14T21:44:30.000Z,5.83286,0.698507,4.39728,3.74706
2014-02-14T21:45:30.000Z,5.84712,0.327836,4.40316,3.82176
2014-02-14T21:46:30.000Z,5.87187,0.217694,4.47938,3.77186
2014-02-14T21:47:30.000Z,5.87777,-0.249164,4.68289,3.52524
2014-02-14T21:48:30.000Z,5.91472,-0.387697,4.51648,3.78845
2014-02-14T21:49:30.000Z,5.92200,-0.816452,4.40954,3.84974
2014-02-14T21:50:30.000Z,5.91956,-0.563641,4.26208,4.04852
2014-02-14T21:51:30.000Z,5.91535,0.0876977,4.45935,3.88182
2014-02-14T21:52:30.000Z,5.91493,0.0796645,4.48057,3.85613
2014-02-14T21:53:30.000Z,5.90450,-0.663224,4.34892,3.91302
2014-02-14T21:54:30.000Z,5.89583,0.473995,4.54432,3.60467
2014-02-14T21:55:30.000Z,5.87284,1.83069,4.43233,3.37281
2014-02-14T21:56:30.000Z,5.84968,1.25271,4.53095,3.46213
2014-02-14T21:57:30.000Z,5.83202,1.09517,4.56190,3.45539
2014-02-14T21:58:30.000Z,5.84676,1.25654,4.58834,3.38044
2014-02-14T21:59:30.000Z,5.84780,1.26735,4.76477,3.14035
2014-02-14T22:00:30.000Z,5.84426,1.11115,4.71846,3.25631
2014-02-14T22:01:30.000Z,5.83409,1.09328,4.51475,3.50428
2014-02-14T22:02:30.000Z,5.84319,0.530250,4.68751,3.44252
2014-02-14T22:03:30.000Z,5.84537,0.361343,4.65432,3.51323
2014-02-14T22:04:30.000Z,5.84057,0.631900,4.50026,3.65044
2014-02-14T22:05:30.000Z,5.85510,0.589874,4.56772,3.60233
2014-02-14T22:06:30.000Z,5.83746,0.472719,4.73286,3.37061
2014-02-14T22:07:30.000Z,5.81179,0.401458,4.93048,3.02880
2014-02-14T22:08:30.000Z,5.83682,0.476282,4.85204,3.19744
2014-02-14T22:09:30.000Z,5.80738,0.159089,4.92042,3.07463
2014-02-14T22:10:30.000Z,5.81518,-0.0765547,4.97504,3.00565
2014-02-14T22:11:30.000Z,5.82265,-0.123568,4.98288,3.00040
2014-02-14T22:12:30.000Z,5.81240,-0.0823621,5.03742,2.89597
2014-02-14T22:13:30.000Z,5.82477,0.0497961,5.10160,2.80552
2014-02-14T22:14:30.000Z,5.80498,0.209701,5.01437,2.91425
2014-02-14T22:15:30.000Z,5.80260,0.309727,4.70622,3.35625
2014-02-14T22:16:30.000Z,5.79954,0.130196,4.95819,2.98646
2014-02-14T22:17:30.000Z,5.79292,0.351504,4.68230,3.35472
2014-02-14T22:18:30.000Z,5.79795,0.377485,5.22304,2.19558
2014-02-14T22:19:30.000Z,5.77044,-0.730148,5.64074,0.897943
2014-02-14T22:20:30.000Z,5.73799,-0.718797,5.64454,0.602600
2014-02-14T22:21:30.000Z,5.72223,-0.702536,5.60692,0.776231
2014-02-14T22:22:30.000Z,5.77170,-0.154823,5.32974,2.07387
2014-02-14T22:23:30.000Z,5.78954,0.507738,5.24319,2.33259
2014-02-14T22:24:30.000Z,5.78543,0.194239,5.19292,2.53529
2014-02-14T22:25:30.000Z,5.79207,0.400721,5.18410,2.54294
2014-02-14T22:26:30.000Z,5.78581,0.413399,5.17144,2.55202
2014-02-14T22:27:30.000Z,5.76991,0.492246,5.19138,2.46560
2014-02-14T22:28:30.000Z,5.77588,0.499791,5.25788,2.33428
2014-02-14T22:29:30.000Z,5.79878,0.467730,5.33308,2.22727
2014-02-14T22:30:30.000Z,5.79999,0.130121,5.39206,2.11623
2014-02-14T22:31:30.000Z,-1.00000e+31,-1.00000e+31,-1.00000e+31,-1.00000e+31
2014-02-14T22:32:30.000Z,5.76573,0.314239,5.24509,2.36992
2014-02-14T22:33:30.000Z,5.76466,0.295720,5.31540,2.21058
2014-02-14T22:34:30.000Z,5.76709,0.351084,5.30133,2.24206
2014-02-14T22:35:30.000Z,5.76026,0.289696,5.39393,1.99852
2014-02-14T22:36:30.000Z,5.78260,0.369605,5.38143,2.08033
2014-02-14T22:37:30.000Z,5.75049,0.468945,5.41854,1.84971
2014-02-14T22:38:30.000Z,5.74191,0.580643,5.55024,1.32048
2014-02-14T22:39:30.000Z,5.80763,0.503499,5.70397,0.942826
2014-02-14T22:40:30.000Z,5.82129,0.407027,5.70790,1.03109
2014-02-14T22:41:30.000Z,5.80021,0.510645,5.69713,0.847948
2014-02-14T22:42:30.000Z,5.80094,0.438503,5.64790,1.16336
2014-02-14T22:43:30.000Z,5.81283,0.358040,5.46673,1.93579
2014-02-14T22:44:30.000Z,5.78803,0.493176,5.34058,2.05313
2014-02-14T22:45:30.000Z,5.75885,0.616655,5.58019,1.26944
2014-02-14T22:46:30.000Z,5.75903,0.738974,5.55440,1.31049
2014-02-14T22:47:30.000Z,5.77392,0.661344,5.56318,1.36865
2014-02-14T22:48:30.000Z,5.75647,0.696414,5.26949,2.14330
2014-02-14T22:49:30.000Z,5.76046,0.966609,5.04301,2.60760
2014-02-14T22:50:30.000Z,5.74387,0.851026,5.13345,2.42019
2014-02-14T22:51:30.000Z,5.72536,0.589261,5.28745,2.10569
2014-02-14T22:52:30.000Z,5.71958,0.461973,5.34086,1.98787
2014-02-14T22:53:30.000Z,5.73627,0.232693,5.42129,1.84770
2014-02-14T22:54:30.000Z,5.72733,0.0597373,5.44753,1.75807
2014-02-14T22:55:30.000Z,5.72662,0.0352179,5.38333,1.94507
2014-02-14T22:56:30.000Z,5.70102,-0.0605408,5.31269,2.06542
2014-02-14T22:57:30.000Z,5.69991,-0.236834,5.30470,2.05822
2014-02-14T22:58:30.000Z,5.69278,-0.131190,5.23946,2.21756
2014-02-14T22:59:30.000Z,5.68791,0.0219587,5.28051,2.10921
