2009-07-04T17:52:02.804Z,4.5391357,-333.23065,1.2840175,-11.971876,21.803972,9.1214153,39.196118
2009-07-04T17:52:05.772Z,4.5125551,-336.00073,-0.65126074,-13.034901,19.807891,8.3886050,30.798136
2009-07-04T17:52:08.739Z,4.5385986,-333.45362,2.2977680,-12.111618,20.580887,8.6134581,35.737414
2009-07-04T17:52:11.707Z,4.5120212,-335.99111,1.2516153,-12.539129,18.648415,8.2864304,30.240626
2009-07-04T17:52:14.675Z,4.4591393,-335.11721,1.7050537,-12.370538,19.258097,9.1493829,31.596273
2009-07-04T17:52:17.643Z,4.5377938,-334.49630,2.6694577,-12.725288,18.728491,8.8056564,33.913882
2009-07-04T17:52:20.611Z,4.5638295,-334.73716,3.4764886,-12.150960,18.219185,8.7616664,33.998184
2009-07-04T17:52:23.579Z,4.6687714,-334.13521,4.3202491,-12.614985,16.944635,9.1798187,33.980711
2009-07-04T17:52:26.547Z,4.5369885,-332.94011,4.4159996,-12.456130,20.548356,9.0478792,37.176800
2009-07-04T17:52:29.515Z,4.4052211,-336.65622,2.6467784,-13.497041,19.699068,8.7301808,30.654798
2009-07-04T17:52:32.482Z,4.6153468,-333.68286,-4.6255890,-15.232727,28.819695,8.6163790,38.497045
2009-07-04T17:52:35.450Z,4.5098864,-336.38182,-6.7040425,-13.950803,27.986730,8.8590305,31.825081
2009-07-04T17:52:38.418Z,4.5885052,-337.90734,-5.3833658,-14.776873,24.636350,8.4193586,30.145881
2009-07-04T17:52:41.386Z,4.5882338,-337.42635,-3.8549281,-15.426703,23.257115,8.2845386,29.164985
2009-07-04T17:52:44.354Z,4.6142545,-335.35078,-4.5465442,-16.015972,27.010739,8.4161016,34.936904
2009-07-04T17:52:47.322Z,4.7717240,-335.79424,-5.1785109,-16.385466,26.649458,8.4052323,33.547900
2009-07-04T17:52:50.290Z,4.6925749,-335.78775,-5.3319859,-16.202885,27.990728,8.4755572,31.656800
2009-07-04T17:52:53.258Z,4.5608604,-337.71941,-8.5436338,-17.067118,28.821659,8.5091668,31.915935
2009-07-04T17:52:56.225Z,4.6131622,-337.71523,-6.9840716,-16.951009,27.171656,8.3847955,28.142439
2009-07-04T17:52:59.193Z,4.6128888,-339.56699,-8.3997384,-18.260314,26.004319,8.8239308,25.732493
2009-07-04T17:53:02.161Z,4.7703121,-340.28825,-7.1989251,-20.430689,27.327608,8.5819076,26.279593
2009-07-04T17:53:05.129Z,4.7963110,-339.03507,-5.4871134,-15.942098,25.213080,8.5575931,29.266250
2009-07-04T17:53:08.097Z,4.9274252,-336.03287,-1.6279510,-12.900164,22.251750,8.4921706,28.149828
2009-07-04T17:53:11.065Z,4.8482995,-337.08107,0.030970259,-11.076070,23.213056,8.3269698,31.010616
2009-07-04T17:53:14.033Z,4.6903530,-336.74475,-3.9074486,-14.517557,25.816280,8.7199393,32.856530
2009-07-04T17:53:17.001Z,4.7426253,-337.51855,-3.7481030,-14.349505,22.691843,8.3535324,28.161641
2009-07-04T17:53:19.968Z,4.6897978,-338.14128,-3.9961380,-13.019791,25.190989,8.6593278,29.648557
2009-07-04T17:53:22.936Z,4.6632484,-336.59226,-5.7328445,-15.256085,31.308535,8.5458336,30.277317
2009-07-04T17:53:25.904Z,4.7680529,-340.85312,-12.703122,-19.296129,33.242448,8.8393544,24.445378
2009-07-04T17:53:28.872Z,4.8991142,-340.05966,-13.846186,-19.501414,33.815440,9.4775469,24.680793
2009-07-04T17:53:31.840Z,4.8200227,-340.70945,-14.099082,-19.237494,32.904567,8.7602031,24.125952
2009-07-04T17:53:34.808Z,4.8201455,-341.22341,-13.815919,-19.220423,30.312092,8.5806735,24.218735
2009-07-04T17:53:37.776Z,4.8202684,-340.04611,-13.777972,-18.900828,37.913487,9.5933236,24.637966
2009-07-04T17:53:40.743Z,4.8729296,-341.85948,-13.773970,-18.666639,31.057643,8.8102411,23.024911
2009-07-04T17:53:43.711Z,4.8730532,-340.11709,-14.133073,-18.613476,36.425151,9.8983740,25.926340
2009-07-04T17:53:46.679Z,5.0045299,-340.05410,-14.146040,-17.489532,36.319945,9.5300668,25.648853
2009-07-04T17:53:49.647Z,4.8995728,-341.78843,-14.435456,-17.834966,31.200491,8.4215898,23.653061
2009-07-04T17:53:52.615Z,4.8996977,-340.40347,-14.750073,-16.907711,36.602583,8.7478876,27.088259
2009-07-04T17:53:55.583Z,4.8998225,-343.13809,-15.889263,-17.448048,31.753627,9.4632537,22.938201
2009-07-04T17:53:58.551Z,4.9262206,-342.11298,-16.346924,-17.386100,32.115268,8.8221160,23.939012
2009-07-04T17:54:01.519Z,4.8475246,-342.35930,-13.728395,-15.615349,28.630001,8.7264861,24.437308
2009-07-04T17:54:04.486Z,4.6900005,-337.84561,-9.7107722,-13.205082,30.789808,9.0041371,28.480479
2009-07-04T17:54:07.454Z,4.7426703,-337.91047,-9.2176427,-13.118011,28.624508,8.1122447,29.552357
2009-07-04T17:54:10.422Z,4.8478946,-336.59924,-7.2529891,-11.593917,28.140534,8.4623464,29.636837
2009-07-04T17:54:13.390Z,4.6378060,-339.12168,-8.6536504,-12.947745,26.227203,8.5715179,27.377347
2009-07-04T17:54:16.358Z,4.6904785,-338.54600,-9.3789246,-12.714933,27.608933,8.8077380,28.446496
2009-07-04T17:54:19.326Z,4.6643202,-338.30274,-8.9082952,-12.993572,29.145480,8.8519546,27.636137
2009-07-04T17:54:22.294Z,4.6381605,-337.98949,-9.0999357,-13.387853,29.525838,8.8011264,29.969235
2009-07-04T17:54:25.262Z,4.6908365,-338.21627,-9.8941248,-13.176247,30.092123,8.9031090,27.473196
2009-07-04T17:54:28.229Z,4.6121164,-339.86390,-10.835478,-13.480649,28.061877,8.4677818,26.071646
2009-07-04T17:54:31.197Z,4.8487588,-339.18159,-13.184378,-15.281595,32.374476,9.3320070,26.185629
2009-07-04T17:54:34.165Z,4.7437575,-340.88876,-12.541193,-16.119654,29.448810,8.8387429,24.320804
2009-07-04T17:54:37.133Z,4.6650327,-339.97939,-14.328105,-16.320366,34.713456,9.1344923,26.319212
2009-07-04T17:54:40.101Z,4.6914341,-340.97938,-15.141857,-16.591676,34.088938,8.9587674,25.728039
2009-07-04T17:54:43.069Z,4.7704032,-340.03866,-14.957244,-16.504655,35.559715,9.3834597,26.217705
2009-07-04T17:54:46.037Z,4.7705242,-339.68928,-12.530132,-15.787996,31.539354,8.5876317,26.659930
2009-07-04T17:54:49.005Z,4.9283530,-337.22551,-5.8118874,-14.205725,26.440416,9.1254254,27.486894
2009-07-04T17:54:51.972Z,4.6393412,-337.46516,-4.4445288,-13.857184,24.575613,8.5252726,26.619454
2009-07-04T17:54:54.940Z,4.7183170,-338.91525,-9.8257641,-15.883274,31.136215,8.2788092,27.531417
2009-07-04T17:54:57.908Z,4.7972969,-340.45200,-11.691929,-15.907855,30.071248,9.4423467,22.539633
2009-07-04T17:55:00.876Z,4.7974191,-341.32956,-14.361085,-16.495380,39.391724,9.6655306,23.258146
2009-07-04T17:55:03.844Z,4.8238291,-346.58497,-18.609140,-19.348890,36.523267,8.4115668,20.236715
2009-07-04T17:55:06.812Z,4.9553943,-345.00402,-19.627977,-15.747705,34.633167,9.0677014,19.841994
2009-07-04T17:55:09.780Z,4.8766528,-342.11195,-18.840604,-15.490956,39.623554,9.7696735,22.455817
2009-07-04T17:55:12.748Z,4.8504871,-343.82075,-18.594720,-18.050663,37.094545,9.1960084,21.798014
2009-07-04T17:55:15.715Z,4.9031918,-344.28930,-18.295359,-16.328698,33.687096,9.0133392,21.229173
2009-07-04T17:55:18.683Z,4.8507341,-340.82042,-17.324859,-15.970885,38.293638,8.5095028,22.808342
2009-07-04T17:55:21.651Z,4.8508577,-343.12056,-18.070813,-16.203049,34.445736,9.0142805,21.698527
2009-07-04T17:55:24.619Z,4.8509812,-341.03044,-16.546314,-13.749569,34.880375,8.2843430,23.789832
2009-07-04T17:55:27.587Z,4.7985182,-338.28419,-13.016921,-15.827077,36.055432,9.2615150,25.220535
2009-07-04T17:55:30.555Z,4.8775216,-340.61767,-13.835790,-15.345274,30.619919,9.1633499,22.264510
2009-07-04T17:55:33.523Z,4.8250566,-341.13272,-16.698144,-18.201709,34.068422,9.1123367,23.257212
2009-07-04T17:55:36.491Z,4.8251795,-340.32147,-15.861414,-16.657504,33.158471,8.5937982,24.431607
2009-07-04T17:55:39.458Z,4.9041901,-340.91530,-15.708876,-16.487213,32.162197,9.0071661,22.871588
2009-07-04T17:55:42.426Z,4.8254252,-341.51777,-16.664594,-17.101789,34.171768,9.1698570,24.158228
2009-07-04T17:55:45.394Z,4.8255481,-341.01528,-15.961655,-16.847227,36.115470,8.9391243,23.515866
2009-07-04T17:55:48.362Z,4.8519689,-342.92286,-16.532554,-17.696452,32.161826,9.2201928,20.851311
2009-07-04T17:55:51.330Z,4.8257933,-342.06100,-15.599130,-17.348397,33.578932,8.9791456,22.397845
2009-07-04T17:55:54.298Z,4.8522154,-340.91488,-15.780918,-17.564046,39.245866,8.9989067,24.717694
2009-07-04T17:55:57.266Z,4.7734391,-340.97275,-16.798511,-17.712291,39.403893,8.9585910,24.009891
2009-07-04T17:56:00.234Z,4.9313643,-343.38435,-16.996963,-17.964112,33.903884,9.1530815,21.536184
2009-07-04T17:56:03.201Z,4.8525860,-343.56958,-16.206604,-18.261995,35.141248,9.5725559,21.731936
2009-07-04T17:56:06.169Z,4.8790115,-340.68143,-16.868162,-18.416243,41.431461,9.4698264,23.994317
2009-07-04T17:56:09.137Z,4.7739252,-342.05160,-17.411939,-18.211660,36.079899,9.2336654,21.759775
2009-07-04T17:56:12.105Z,4.8003494,-340.88290,-17.168968,-18.581071,38.196675,9.4538469,22.378849
2009-07-04T17:56:15.073Z,4.8267756,-342.02088,-16.495364,-18.775507,35.123150,9.2134082,21.887718
2009-07-04T17:56:18.041Z,4.8268985,-342.93627,-16.456548,-19.114196,32.198543,8.8081970,20.937818
2009-07-04T17:56:21.009Z,4.8270213,-340.64200,-15.841801,-18.918620,36.936729,9.3762327,22.624016
2009-07-04T17:56:23.977Z,4.8271442,-341.21439,-15.689629,-18.676660,35.666858,9.0550069,22.665303
2009-07-04T17:56:26.944Z,4.9061869,-339.51589,-14.967609,-18.484868,36.651151,9.5609640,24.087276
2009-07-04T17:56:29.912Z,4.8536972,-339.69670,-14.892235,-18.034203,35.483247,9.2515332,22.673347
2009-07-04T17:56:32.880Z,4.8275122,-340.66101,-16.092867,-18.016891,36.406740,9.4197587,23.647992
2009-07-04T17:56:35.848Z,4.9065610,-341.13508,-14.801090,-18.623647,34.515700,9.3508976,21.798799
2009-07-04T17:56:38.816Z,4.7751393,-342.83485,-15.694411,-18.996760,32.734689,9.1244965,21.414144
2009-07-04T17:56:41.784Z,4.7752608,-342.09652,-15.847601,-19.902582,33.816759,9.2612158,21.215844
2009-07-04T17:56:44.752Z,4.7753824,-343.55109,-15.442529,-20.740749,31.274835,10.030843,20.496995
2009-07-04T17:56:47.720Z,4.7755039,-343.03202,-15.517942,-21.826051,35.639608,9.6725270,19.449950
2009-07-04T17:56:50.687Z,4.8019374,-342.73821,-15.202101,-21.880043,37.212950,10.049404,20.360762
2009-07-04T17:56:53.655Z,4.8546843,-341.54824,-16.913086,-20.747312,38.665418,9.3550794,21.257165
2009-07-04T17:56:56.623Z,4.8021812,-342.42719,-15.666349,-19.174282,36.057207,9.8691989,21.316556
2009-07-04T17:56:59.591Z,4.7759894,-343.15869,-16.218312,-21.336890,37.294060,9.0374896,20.103543
2009-07-04T17:57:02.559Z,4.8287403,-342.21812,-15.050515,-21.928494,36.400060,10.502378,21.304758
2009-07-04T17:57:05.527Z,4.7499171,-342.86413,-13.818457,-22.057030,33.943954,10.246045,20.654949
2009-07-04T17:57:08.495Z,4.6710900,-342.97448,-14.031696,-22.289937,35.518857,10.630421,20.866135
2009-07-04T17:57:11.462Z,4.7764755,-343.91145,-13.788254,-21.816985,33.042205,9.8266302,18.891464
2009-07-04T17:57:14.430Z,4.6186925,-342.10888,-13.894149,-22.595742,41.047350,10.113557,21.268948
2009-07-04T17:57:17.398Z,4.6714460,-344.70195,-10.633160,-25.085713,32.123775,10.563296,19.117024
2009-07-04T17:57:20.366Z,4.6715648,-343.68310,-14.639131,-24.632624,41.260923,10.518461,18.557599
2009-07-04T17:57:23.334Z,4.6190450,-346.72943,-15.770430,-24.470613,37.426255,11.475191,18.955728
2009-07-04T17:57:26.302Z,4.6454825,-346.76282,-17.089279,-23.416833,37.817813,10.791708,18.929741
2009-07-04T17:57:29.270Z,4.6719214,-346.28603,-13.945745,-23.507657,40.160239,10.815360,19.179662
2009-07-04T17:57:32.238Z,4.8562897,-342.28904,-15.330537,-21.937672,39.809394,9.7092987,20.465021
2009-07-04T17:57:35.205Z,4.6984805,-339.48257,-14.904889,-18.569195,37.219788,9.8170453,22.044134
2009-07-04T17:57:38.173Z,4.6986000,-340.81679,-15.154493,-20.334095,37.532811,9.8266744,22.093892
2009-07-04T17:57:41.141Z,4.7513663,-342.49671,-16.260414,-20.301192,36.387265,10.061207,20.522955
2009-07-04T17:57:44.109Z,4.6988391,-343.87201,-15.476151,-21.670204,32.862202,9.8620207,20.816717
2009-07-04T17:57:47.077Z,4.7252833,-340.91635,-14.851691,-20.259770,33.443561,9.6376094,21.416899
2009-07-04T17:57:50.045Z,4.9096810,-338.61157,-10.441691,-16.905039,33.583339,9.4064696,25.364148
2009-07-04T17:57:53.013Z,4.9624580,-338.01587,-10.567320,-16.951540,32.421062,9.7082109,25.394633
2009-07-04T17:57:55.981Z,4.9625836,-337.34578,-10.431310,-17.183694,32.810784,8.9092823,25.234803
2009-07-04T17:57:58.948Z,4.8047456,-337.44667,-10.726052,-16.629384,32.061541,9.3135504,24.132456
2009-07-04T17:58:01.916Z,4.8838519,-337.80508,-9.8869372,-16.915121,31.805836,9.2611568,25.665286
2009-07-04T17:58:04.884Z,4.8576474,-337.96876,-10.546926,-15.971403,32.325932,9.2289662,26.493997
2009-07-04T17:58:07.852Z,4.8577709,-339.39257,-10.328664,-16.111764,28.674052,8.7868150,22.395059
2009-07-04T17:58:10.820Z,4.8315644,-338.52074,-10.831556,-16.445377,31.933754,9.3065209,24.333290
2009-07-04T17:58:13.788Z,4.7790258,-339.50577,-11.490121,-16.791356,32.123064,9.3095855,23.569631
2009-07-04T17:58:16.756Z,4.9108043,-338.89614,-11.432409,-16.632088,34.143087,8.8201386,24.706154
2009-07-04T17:58:19.724Z,4.8056004,-338.25734,-11.848372,-16.902103,33.055441,9.4131076,24.647137
2009-07-04T17:58:22.691Z,4.8057226,-337.70079,-12.745365,-16.977819,33.708175,9.4579308,24.740134
2009-07-04T17:58:25.659Z,4.7268446,-340.26431,-12.400258,-16.874859,28.269633,9.3009003,20.562122
2009-07-04T17:58:28.627Z,4.8059669,-336.89428,-12.938936,-17.384043,36.968511,9.6479685,25.482723
2009-07-04T17:58:31.595Z,4.9114281,-338.18161,-12.110200,-16.828802,33.574799,9.8053797,23.888870
2009-07-04T17:58:34.563Z,4.8325467,-339.45575,-11.511893,-17.208827,31.757129,9.3490820,23.288306
2009-07-04T17:58:37.531Z,4.8590057,-339.33087,-11.340994,-17.153777,30.820763,9.5085550,23.476403
2009-07-04T17:58:40.499Z,4.8591286,-338.29546,-11.380493,-16.074241,36.300605,9.7768590,25.131642
2009-07-04T17:58:43.467Z,4.7802399,-338.64519,-10.394669,-16.819706,31.775688,8.8683109,24.315699
2009-07-04T17:58:46.434Z,4.8593757,-337.88342,-11.670920,-16.521014,32.396174,9.9676105,25.164988
2009-07-04T17:58:49.402Z,4.8331605,-338.91832,-10.880404,-16.384696,29.111347,9.1735962,22.590715
2009-07-04T17:58:52.370Z,4.8332833,-337.54750,-12.669087,-15.916533,34.596910,10.010808,25.245258
2009-07-04T17:58:55.338Z,4.8070661,-339.37268,-13.795133,-16.848565,31.251191,9.2029156,22.829871
2009-07-04T17:58:58.306Z,4.8335291,-337.65676,-15.468545,-16.370906,38.296882,9.2616318,24.389073
2009-07-04T17:59:01.274Z,4.7809685,-340.48195,-15.341838,-15.952048,33.352402,9.5273743,21.909478
2009-07-04T17:59:04.242Z,4.7547480,-340.03662,-13.995477,-15.974971,32.309418,9.9083729,23.075557
2009-07-04T17:59:07.210Z,4.8075543,-339.14850,-12.350800,-16.359160,29.793372,9.2248425,22.758237
2009-07-04T17:59:10.177Z,4.8603634,-337.24736,-11.625906,-15.214454,35.702544,9.2403562,26.552742
2009-07-04T17:59:13.145Z,4.9131751,-337.27380,-12.031171,-14.837084,34.436629,9.4366094,25.591388
2009-07-04T17:59:16.113Z,4.9133000,-338.61155,-10.214700,-17.121540,32.382655,9.8527771,25.520022
2009-07-04T17:59:19.081Z,5.0451521,-337.12301,-8.4429022,-16.576099,33.061103,10.123406,25.589024
2009-07-04T17:59:22.049Z,4.9398953,-338.41618,-10.050924,-16.108155,32.137798,9.2689472,24.481354
2009-07-04T17:59:25.017Z,4.8609805,-339.10248,-12.236169,-17.204226,36.107723,10.237606,24.537961
2009-07-04T17:59:27.985Z,4.8874515,-338.03639,-12.184575,-16.553689,36.737204,9.5984205,24.904060
2009-07-04T17:59:30.953Z,4.9402719,-337.29295,-8.7343433,-15.958913,30.046598,9.1333308,26.690479
2009-07-04T17:59:33.920Z,4.8613511,-337.62417,-7.6310648,-15.132537,29.900029,8.6430474,25.940032
2009-07-04T17:59:36.888Z,4.7824262,-337.01441,-9.0995829,-15.969541,33.564668,9.7513268,27.588505
2009-07-04T17:59:39.856Z,4.8615981,-338.23300,-9.8778617,-15.064670,30.061443,9.1508394,26.010821
2009-07-04T17:59:42.824Z,4.7563179,-337.00346,-8.5967666,-15.816629,31.293754,9.4480972,27.587104
2009-07-04T17:59:45.792Z,4.9145476,-337.37308,-9.4974798,-15.002982,30.010681,9.3254191,25.695022
2009-07-04T17:59:48.760Z,4.8619682,-337.92346,-10.378528,-12.899421,28.915303,9.8766393,26.152393
2009-07-04T17:59:51.728Z,4.7830333,-336.31272,-5.6035031,-16.633459,28.140931,9.2171517,25.092025
2009-07-04T17:59:54.696Z,4.7831250,-338.63178,-5.7185313,-16.545125,25.998764,10.126046,23.503836
2009-07-04T17:59:57.663Z,4.8359249,-336.93123,-3.1250471,-18.328243,28.783421,9.9460190,24.361686
2009-07-04T18:00:00.631Z,4.8096633,-337.16516,-8.5198537,-15.357505,30.295840,9.6525912,25.281714
2009-07-04T18:00:03.599Z,4.8361103,-336.60312,-9.1664849,-13.940889,30.959598,9.0684947,26.677739
2009-07-04T18:00:06.567Z,4.8625583,-338.46071,-8.4368098,-13.366832,26.534382,9.6551782,24.970345
2009-07-04T18:00:09.535Z,4.9417196,-335.93295,-7.3825064,-13.306057,29.769144,8.4802296,27.777341
2009-07-04T18:00:12.503Z,4.8627453,-335.66100,-6.8832988,-11.877099,28.963659,9.7112375,28.262423
2009-07-04T18:00:15.471Z,4.8628385,-336.57076,-8.4187070,-11.898817,31.138835,9.1452999,27.073352
2009-07-04T18:00:18.438Z,4.8365749,-338.36625,-9.2366030,-12.531674,27.365017,8.7084894,24.114575
2009-07-04T18:00:21.406Z,4.9420991,-336.55778,-8.3762597,-12.903052,32.212638,8.6683388,26.943463
2009-07-04T18:00:24.374Z,4.8631187,-338.27168,-9.7671561,-13.151821,30.616555,9.5097285,26.427690
2009-07-04T18:00:27.342Z,4.8632119,-339.19178,-10.387396,-14.556586,30.221102,9.4722735,25.777338
2009-07-04T18:00:30.310Z,4.7842275,-339.19618,-9.2659245,-15.415547,31.008501,9.6547776,25.314253
2009-07-04T18:00:33.278Z,4.7843192,-339.75377,-8.6221766,-16.738827,30.076876,9.8453923,24.427993
2009-07-04T18:00:36.246Z,4.7053298,-339.29557,-7.6960326,-16.914970,31.263570,10.241422,24.372565
2009-07-04T18:00:39.214Z,4.7317814,-336.78753,-8.9421607,-16.257549,34.609334,9.0903319,26.924670
2009-07-04T18:00:42.181Z,4.6791493,-338.04591,-9.3368756,-15.813511,29.768642,9.5871144,23.981493
2009-07-04T18:00:45.149Z,4.6528770,-336.56348,-10.521586,-15.772605,30.377219,9.9044774,23.429479
2009-07-04T18:00:48.117Z,4.6266038,-337.31176,-9.3202153,-15.882069,29.411093,10.444264,26.155005
2009-07-04T18:00:51.085Z,4.7321447,-336.41622,-7.4943132,-15.937089,29.245745,9.7767960,25.964490
2009-07-04T18:00:54.053Z,4.7322353,-335.03838,-8.2788786,-15.490728,33.644589,10.289709,28.478696
2009-07-04T18:00:57.021Z,4.6795982,-337.41100,-8.6915748,-16.140165,29.549471,9.2784562,24.683428
2009-07-04T18:00:59.989Z,4.7324173,-335.79599,-7.1000906,-16.415070,32.461728,10.402293,27.887852
2009-07-04T18:01:02.957Z,4.7061430,-337.30369,-6.9693058,-16.069432,27.797507,10.200572,23.827285
2009-07-04T18:01:05.924Z,4.7325986,-335.11418,-6.2739778,-16.425406,31.455563,10.002784,28.362383
2009-07-04T18:01:08.892Z,4.6535920,-337.31862,-6.8914188,-16.995367,27.099331,10.005326,23.515446
2009-07-04T18:01:11.860Z,4.7064141,-336.49702,-6.7576560,-16.616561,29.464758,9.7210272,25.103575
2009-07-04T18:01:14.828Z,4.7328712,-336.19596,-7.2330739,-15.862276,28.536940,9.1828341,25.640011
2009-07-04T18:01:17.796Z,4.6274920,-336.22629,-5.1344757,-16.625594,27.404629,10.185575,26.225343
2009-07-04T18:01:20.764Z,4.7066852,-336.69281,-4.6634187,-16.161163,29.533282,10.506900,25.312416
2009-07-04T18:01:23.732Z,4.7595123,-337.51777,-6.7794327,-15.226839,29.012622,9.6193523,25.553622
2009-07-04T18:01:26.700Z,4.7596035,-336.65676,-7.3131816,-15.333393,31.765094,9.3017313,26.461833
2009-07-04T18:01:29.667Z,4.7596952,-339.02761,-8.5877827,-14.475469,29.751663,9.8442235,25.254903
2009-07-04T18:01:32.635Z,4.7334164,-339.89191,-7.1113066,-13.580276,28.144086,9.1918227,24.571053
2009-07-04T18:01:35.603Z,4.7862481,-338.68981,-6.9918988,-14.155912,31.116624,9.8670481,25.825200
2009-07-04T18:01:38.571Z,4.8654529,-340.11841,-7.2177191,-14.372238,28.503972,10.122587,24.191148
2009-07-04T18:01:41.539Z,4.8391751,-338.73560,-6.2757635,-14.159396,31.800735,9.8895605,26.223339
2009-07-04T18:01:44.507Z,4.8128958,-337.19793,-6.5228974,-14.330973,31.881177,9.9644085,27.639245
2009-07-04T18:01:47.475Z,4.7602429,-339.99199,-7.5878529,-14.157997,29.961058,9.4009148,24.330689
2009-07-04T18:01:50.443Z,4.6020964,-339.40233,-11.535957,-13.374348,33.569132,9.4411094,23.967617
2009-07-04T18:01:53.410Z,4.6549316,-338.83055,-11.369280,-13.246943,34.484506,9.8642597,26.409467
2009-07-04T18:01:56.378Z,4.6286468,-341.96951,-9.4334862,-14.031827,27.568301,9.6422898,22.846354
2009-07-04T18:01:59.346Z,4.4704881,-341.79138,-8.0528723,-14.897524,26.315345,9.6571475,20.830133
2009-07-04T18:02:02.314Z,4.4441991,-341.31943,-9.1742643,-14.318001,28.383176,9.7272827,23.642088
2009-07-04T18:02:05.282Z,4.6552889,-335.86982,-9.4999716,-13.257516,37.601492,9.7617677,29.864659
2009-07-04T18:02:08.250Z,4.6553780,-337.53383,-9.0969923,-13.403274,32.714606,9.3152739,26.239176
2009-07-04T18:02:11.218Z,4.6027146,-340.40350,-10.391250,-12.468300,29.288553,9.7539010,23.073245
2009-07-04T18:02:14.186Z,4.7346882,-339.37972,-10.066614,-12.877386,35.088278,9.6166979,25.593073
2009-07-04T18:02:17.153Z,4.7875341,-340.33419,-11.811335,-13.177860,33.138582,9.9139195,24.411762
2009-07-04T18:02:20.121Z,4.7348695,-340.00410,-11.480287,-13.459964,33.464988,8.9112369,24.308596
2009-07-04T18:02:23.089Z,4.6822036,-340.79298,-11.966105,-12.949528,34.464647,9.4604286,24.878609
2009-07-04T18:02:26.057Z,4.6559141,-340.66725,-10.839913,-12.720608,32.585428,9.4607857,23.358144
2009-07-04T18:02:29.025Z,4.7087625,-340.21214,-10.186347,-12.998669,31.420040,9.6938266,23.555668
2009-07-04T18:02:31.993Z,4.7879936,-340.68963,-10.662109,-12.953937,30.630671,9.6279797,24.094669
2009-07-04T18:02:34.961Z,4.7880853,-340.14601,-9.3158873,-13.687833,28.790818,9.0555544,23.777892
2009-07-04T18:02:37.929Z,4.7617959,-336.78547,-6.3268315,-13.063523,38.122020,9.1382834,28.017514
2009-07-04T18:02:40.896Z,4.6827421,-340.19124,-6.5352440,-13.510436,33.002261,9.9880375,25.700150
2009-07-04T18:02:43.864Z,4.6828323,-340.63073,-7.4113922,-12.797954,31.039937,8.7289762,23.607606
2009-07-04T18:02:46.832Z,4.6829220,-341.57056,-8.8492463,-11.788106,31.721733,9.3965277,23.466541
2009-07-04T18:02:49.800Z,4.7621612,-338.51623,-8.2816072,-12.506506,35.101513,9.1332056,26.867556
2009-07-04T18:02:52.768Z,4.7886366,-339.39973,-9.2100049,-11.799693,31.334837,9.2133145,24.673103
2009-07-04T18:02:55.736Z,4.7359599,-337.50323,-8.6678573,-10.983553,34.684439,9.3643598,29.052225
2009-07-04T18:02:58.704Z,4.7624353,-339.73824,-8.1846573,-11.875301,32.289173,8.9126265,25.212317
2009-07-04T18:03:01.672Z,4.8416826,-339.72581,-6.3508248,-13.339851,33.598023,10.027196,26.499237
2009-07-04T18:03:04.639Z,4.8153896,-339.21603,-7.7161733,-12.862664,34.753201,9.4656966,25.844579
2009-07-04T18:03:07.607Z,4.8154818,-341.02135,-8.6586777,-13.030108,32.675886,9.1589358,25.164199
2009-07-04T18:03:10.575Z,4.8155740,-341.66149,-9.8245467,-12.605787,31.617714,9.2858653,24.624595
2009-07-04T18:03:13.543Z,4.8684412,-340.30250,-7.6925715,-11.348553,30.739112,8.7883603,24.120752
2009-07-04T18:03:16.511Z,4.8421467,-340.34796,-8.2415356,-12.252997,28.417475,9.4119977,24.969610
2009-07-04T18:03:19.479Z,4.8422394,-337.79401,-7.4288082,-12.713923,32.297843,9.0802660,28.355133
2009-07-04T18:03:22.447Z,4.8687214,-340.91768,-7.1744669,-11.491724,27.732887,9.0598584,23.490259
2009-07-04T18:03:25.415Z,4.8688146,-339.18388,-7.5955846,-11.427934,32.222275,9.1844791,26.522866
2009-07-04T18:03:28.382Z,4.8425181,-339.99710,-7.2332177,-10.912084,30.053188,9.4692240,26.156866
2009-07-04T18:03:31.350Z,4.8426108,-339.60029,-7.9060570,-10.922477,27.748165,9.6760965,23.913488
2009-07-04T18:03:34.318Z,4.7371410,-338.75752,-8.3386703,-12.357661,29.592792,9.4012498,24.747989
2009-07-04T18:03:37.286Z,4.4997103,-337.46018,-11.194547,-13.120753,30.209217,9.4519816,24.274140
2009-07-04T18:03:40.254Z,4.5261882,-336.29523,-10.311929,-12.874083,30.545825,9.9386742,24.445927
2009-07-04T18:03:43.222Z,4.5526677,-335.71429,-10.750674,-12.137055,32.768269,9.4981918,25.439061
2009-07-04T18:03:46.190Z,4.4735765,-334.91446,-10.007731,-12.101528,36.281813,9.3497106,26.597716
2009-07-04T18:03:49.157Z,4.4736621,-337.12052,-10.952451,-12.339485,32.220852,9.6244617,24.181346
2009-07-04T18:03:52.125Z,4.5529291,-338.01529,-10.040860,-12.198507,29.596209,8.9751911,24.526455
2009-07-04T18:03:55.093Z,4.6849883,-338.35281,-8.0093608,-11.606820,32.143305,8.9927003,27.112787
2009-07-04T18:03:58.061Z,4.7114728,-339.86282,-7.0213732,-12.192711,29.592622,8.6783458,24.841918
2009-07-04T18:04:01.029Z,4.6851676,-340.01262,-7.8495091,-10.987436,28.723595,8.9277142,24.088486
2009-07-04T18:04:03.997Z,4.7116537,-339.47395,-7.9243085,-11.678862,30.542832,9.2064653,25.125110
2009-07-04T18:04:06.965Z,4.7117438,-338.15958,-7.5005474,-12.691183,32.128613,9.5626874,27.917128
2009-07-04T18:04:09.933Z,4.7382309,-338.91253,-7.5239589,-12.230545,30.802391,9.0423581,26.235577
2009-07-04T18:04:12.900Z,4.6591295,-338.78924,-5.6589917,-12.609786,29.510626,10.184126,26.975331
2009-07-04T18:04:15.868Z,4.6592192,-339.43427,-6.1010061,-12.217841,26.590798,9.0176866,26.211562
2009-07-04T18:04:18.836Z,4.7913002,-336.31771,-5.5772948,-10.515866,31.168855,8.9867431,29.164136
2009-07-04T18:04:21.804Z,4.7121953,-337.25354,-4.5376855,-11.559207,29.765797,9.0231148,28.820188
2009-07-04T18:04:24.772Z,4.6858866,-339.45982,-4.5771060,-11.384357,28.148921,9.4370810,24.939898
2009-07-04T18:04:27.740Z,4.6595765,-340.05906,-4.8010539,-12.211365,27.012604,8.6516475,25.034706
2009-07-04T18:04:30.708Z,4.7124664,-340.13254,-6.0088250,-11.943239,28.050412,9.2583877,24.359267
2009-07-04T18:04:33.676Z,4.6861557,-339.65157,-5.6958923,-11.303675,28.582938,8.6583407,24.603424
2009-07-04T18:04:36.643Z,4.6598445,-338.01604,-5.8899313,-11.051477,31.542069,8.6864301,27.207079
2009-07-04T18:04:39.611Z,4.6599337,-337.27310,-6.7807373,-11.841070,32.639897,8.8162870,28.208444
2009-07-04T18:04:42.579Z,4.6864252,-338.07076,-5.8555981,-11.904396,32.301659,8.6537882,27.802886
2009-07-04T18:04:45.547Z,4.6601125,-339.65382,-7.3960362,-12.193729,28.662868,9.1069272,24.168514
2009-07-04T18:04:48.515Z,4.6602017,-338.84195,-7.6242892,-11.709516,30.356356,8.9514155,26.308128
2009-07-04T18:04:51.483Z,4.6602909,-337.66719,-7.5313077,-11.346681,33.269685,9.2455326,27.833492
2009-07-04T18:04:54.451Z,4.6867845,-338.50693,-6.9344347,-11.317184,30.541855,8.8093380,27.565716
2009-07-04T18:04:57.419Z,4.7132796,-338.58112,-7.2964405,-11.740466,30.825428,9.2430480,26.529364
2009-07-04T18:05:00.386Z,4.6869643,-340.01111,-7.3228397,-11.774812,29.100628,9.2098554,25.458973
2009-07-04T18:05:03.354Z,4.6342421,-341.13615,-7.9036238,-11.857944,28.111814,9.5904248,23.952261
2009-07-04T18:05:06.322Z,4.7135507,-338.87383,-6.4020050,-12.112633,29.246795,9.3478790,26.138773
2009-07-04T18:05:09.290Z,4.7136409,-339.58508,-6.5696607,-12.023524,30.853618,9.4737503,24.955083
2009-07-04T18:05:12.258Z,4.7137310,-339.78336,-8.2538082,-12.009658,28.763531,9.3386668,26.505907
2009-07-04T18:05:15.226Z,4.6610058,-340.00842,-6.9323391,-11.782807,27.640846,8.9872978,25.678213
2009-07-04T18:05:18.194Z,4.6082781,-340.86848,-7.0676305,-12.479683,26.634635,9.7235244,24.513249
2009-07-04T18:05:21.162Z,4.8196380,-340.43154,-7.4238182,-12.402852,26.840471,8.8049554,24.653789
2009-07-04T18:05:24.129Z,4.8197302,-338.35884,-5.2770097,-10.405516,27.381093,8.9870488,28.498966
2009-07-04T18:05:27.097Z,4.7670030,-337.55350,-5.2524781,-10.400884,27.532871,9.0268523,29.432674
2009-07-04T18:05:30.065Z,4.7406837,-337.75767,-3.6213165,-10.906383,26.840015,9.5005580,27.935838
2009-07-04T18:05:33.033Z,4.7935964,-338.49150,-4.8926803,-11.371900,27.848438,9.1371812,25.416420
2009-07-04T18:05:36.001Z,4.8201001,-336.86457,-5.9948081,-9.8936588,28.480619,8.7504457,27.606594
2009-07-04T18:05:38.969Z,4.8730164,-337.78351,-6.9078197,-12.089343,31.380271,9.8433333,27.069192
2009-07-04T18:05:41.937Z,4.7146345,-340.09517,-6.3380330,-14.760345,33.635038,10.373772,24.680052
2009-07-04T18:05:44.905Z,4.7411377,-341.23025,-7.6561078,-14.821727,31.166536,10.601321,22.262231
2009-07-04T18:05:47.872Z,4.7940560,-340.09740,-8.2255036,-14.512675,33.815610,10.347865,24.384103
2009-07-04T18:05:50.840Z,4.8205617,-340.54111,-9.7572153,-14.138980,31.171490,9.3464944,25.083487
2009-07-04T18:05:53.808Z,4.8734830,-340.93005,-9.6200603,-13.852356,31.629167,9.6872929,24.561421
2009-07-04T18:05:56.776Z,4.8735767,-341.06551,-10.152098,-13.967776,30.050776,9.3592251,25.481490
2009-07-04T18:05:59.744Z,4.9000855,-340.06188,-9.6067294,-13.483041,33.051055,9.5721570,24.975296
2009-07-04T18:06:02.712Z,4.8473471,-342.39411,-9.6744592,-13.083959,27.580959,9.4493628,22.353336
2009-07-04T18:06:05.680Z,5.0059392,-338.79338,-12.023874,-13.019465,31.118633,9.1821389,26.531611
2009-07-04T18:06:08.648Z,4.9267843,-340.46141,-10.933634,-13.328113,29.533035,9.5647673,23.950561
2009-07-04T18:06:11.615Z,4.9004609,-341.33284,-9.8453325,-12.099602,29.249798,9.4858309,24.171451
2009-07-04T18:06:14.583Z,4.9012835,-340.63359,-10.734182,-12.865224,26.976849,9.3169703,22.972112
2009-07-04T18:06:17.551Z,4.8756796,-340.58232,-10.018891,-12.774562,29.994001,9.6796023,25.237055
2009-07-04T18:06:20.519Z,4.8764977,-338.75400,-10.554890,-12.929270,32.490553,8.5590953,24.910207
2009-07-04T18:06:23.487Z,4.7187034,-340.79665,-9.9055609,-13.097109,31.065353,9.3848585,24.145681
2009-07-04T18:06:26.455Z,4.7194949,-340.79054,-9.0819444,-13.120180,30.173971,9.4882086,22.396564
2009-07-04T18:06:29.423Z,4.7202864,-338.77279,-9.2838924,-13.798578,35.578148,9.9860153,27.198157
2009-07-04T18:06:32.391Z,4.6681807,-339.72364,-8.3245717,-13.698479,30.447394,9.2431596,25.812686
2009-07-04T18:06:35.358Z,4.7483224,-338.23770,-7.3539972,-13.860951,30.879187,9.5554027,26.097170
2009-07-04T18:06:38.326Z,4.7491184,-338.25803,-7.7265415,-13.482100,30.812413,9.7888854,26.121397
2009-07-04T18:06:41.294Z,4.7763762,-339.84652,-7.5911839,-14.164618,28.216224,9.3473268,23.827640
2009-07-04T18:06:44.262Z,4.7771761,-338.61942,-7.5454020,-13.755097,30.758658,9.5733462,26.743436
2009-07-04T18:06:47.230Z,4.8309180,-339.16461,-9.2566445,-13.492474,26.701492,9.6953355,23.703356
2009-07-04T18:06:50.198Z,4.8582025,-337.86848,-8.4446021,-13.633931,28.608652,9.7806369,25.799020
2009-07-04T18:06:53.166Z,4.7795772,-336.49433,-8.0578736,-13.832132,31.614865,10.159462,28.257797
2009-07-04T18:06:56.133Z,4.8863139,-336.93957,-8.3455993,-12.605492,30.866576,10.109003,26.665327
2009-07-04T18:06:59.101Z,4.8871320,-338.74283,-8.1743097,-12.401065,28.109267,9.3629756,26.540289
2009-07-04T18:07:02.069Z,4.9144431,-338.22392,-8.3370595,-13.508529,30.673749,10.011799,26.712496
2009-07-04T18:07:05.037Z,4.7562808,-339.29727,-8.3596464,-13.387128,28.119220,9.5466847,25.095378
2009-07-04T18:07:08.005Z,4.8365822,-339.04665,-8.0666931,-13.101292,29.539665,10.389344,25.872153
2009-07-04T18:07:10.973Z,4.9169102,-338.94653,-9.1565058,-13.286700,29.370492,9.6256990,25.005604
2009-07-04T18:07:13.941Z,4.8382007,-339.98245,-8.9742790,-12.962530,28.667732,10.171888,22.846224
2009-07-04T18:07:16.909Z,4.8920402,-339.94313,-9.4130751,-13.109608,26.549843,10.078151,25.031877
2009-07-04T18:07:19.876Z,4.8663387,-339.43041,-10.137363,-13.653763,28.611349,9.9239641,25.856604
2009-07-04T18:07:22.844Z,4.9202004,-339.25946,-10.335090,-13.979616,29.052353,10.130210,25.022506
2009-07-04T18:07:25.812Z,4.7087950,-337.08727,-11.633298,-14.214581,31.669645,10.313494,27.144638
2009-07-04T18:07:28.780Z,4.7891806,-338.71132,-10.278695,-13.922270,29.496052,9.3907153,25.738061
2009-07-04T18:07:31.748Z,4.7369064,-339.32943,-9.9651047,-14.700872,28.222885,10.730771,24.913906
2009-07-04T18:07:34.716Z,4.7907814,-337.49017,-10.585526,-14.992335,32.234405,9.8762957,28.223568
2009-07-04T18:07:37.684Z,4.8977664,-337.64085,-10.403332,-14.636229,32.061911,10.680544,27.604218
2009-07-04T18:07:40.652Z,4.8454833,-338.04711,-9.6008113,-14.647092,29.170007,10.125668,25.484966
2009-07-04T18:07:43.619Z,4.7666275,-337.49740,-8.4114100,-15.021870,29.164600,11.159591,27.040124
2009-07-04T18:07:46.587Z,4.9002202,-337.91576,-9.0429617,-14.718751,29.012588,9.7665591,26.440797
2009-07-04T18:07:49.555Z,4.8744744,-339.53688,-8.7632559,-15.001833,27.284639,10.136162,24.148068
2009-07-04T18:07:52.523Z,4.8752881,-337.84954,-9.5509521,-14.947692,29.145305,10.220985,27.603241
2009-07-04T18:07:55.491Z,4.8761017,-337.76942,-9.2380501,-15.796484,32.466358,10.301222,27.772026
2009-07-04T18:07:58.459Z,4.9566470,-338.37408,-8.6431456,-15.250737,30.598877,10.237472,24.390148
2009-07-04T18:08:01.427Z,4.7182393,-337.49354,-10.471957,-15.679402,31.939583,10.584119,24.454626
2009-07-04T18:08:04.395Z,4.7456125,-337.45788,-11.782258,-15.192690,32.795262,10.952581,26.246984
2009-07-04T18:08:07.362Z,4.7729945,-337.75732,-9.5225901,-15.887723,34.521765,10.485261,26.927102
2009-07-04T18:08:10.330Z,4.6408152,-337.46360,-9.8229515,-16.596475,31.893945,10.897438,24.527554
2009-07-04T18:08:13.298Z,4.7745858,-337.53266,-10.678469,-16.337113,35.308476,11.205650,22.931560
2009-07-04T18:08:16.266Z,4.8817969,-340.87280,-13.002074,-16.510380,34.795888,10.887907,23.095954
2009-07-04T18:08:19.234Z,4.9624353,-338.35301,-12.027313,-15.714535,32.800070,11.531784,25.295678
2009-07-04T18:08:22.202Z,4.7769736,-336.87092,-8.9748985,-14.533935,29.623056,11.066062,27.554109
2009-07-04T18:08:25.170Z,4.7245354,-335.14095,-8.0157356,-14.148278,31.286564,11.823020,31.597704
2009-07-04T18:08:28.138Z,4.8318086,-336.66013,-7.2168657,-15.116406,27.313443,10.896913,27.818906
2009-07-04T18:08:31.105Z,4.7527349,-336.68687,-7.1508068,-15.808225,27.596582,10.515072,30.322123
2009-07-04T18:08:34.073Z,4.7268961,-337.62622,-7.1741555,-15.156007,26.876324,11.304016,29.372523
2009-07-04T18:08:37.041Z,4.8608573,-337.72016,-7.4227840,-13.464231,25.735725,10.550425,27.131412
2009-07-04T18:08:40.009Z,4.8883058,-336.69952,-7.4892512,-13.447100,27.594281,10.942842,28.435441
2009-07-04T18:08:42.977Z,4.7559010,-336.45785,-5.6336399,-13.223875,25.382287,10.437431,27.743486
2009-07-04T18:08:45.945Z,4.8366369,-334.59487,-5.8400539,-13.961609,27.634730,10.129704,30.461452
2009-07-04T18:08:48.913Z,4.7574840,-335.88107,-6.2144312,-13.396454,27.482734,10.824930,30.041663
2009-07-04T18:08:51.881Z,4.8649030,-336.54224,-5.6225398,-13.376571,26.564035,10.756782,28.859660
2009-07-04T18:08:54.848Z,4.8123893,-335.62187,-5.6984864,-13.943493,26.816829,10.209124,30.456405
2009-07-04T18:08:57.816Z,4.7065262,-337.77668,-4.1039108,-14.911285,24.250810,10.771968,26.559635
2009-07-04T18:09:00.784Z,4.8673307,-335.84347,-3.5291803,-13.739488,24.066659,10.003076,28.458949
2009-07-04T18:09:03.752Z,4.9214894,-337.15582,-2.9895861,-13.656096,25.067571,9.8389381,26.853434
2009-07-04T18:09:06.720Z,4.8422700,-337.64515,-4.2483175,-13.917479,23.659109,10.330603,25.406883
2009-07-04T18:09:09.688Z,4.9231257,-336.51912,-3.6875403,-13.892959,27.300869,10.646763,30.128617
2009-07-04T18:09:12.656Z,4.8972552,-337.19766,-2.8669648,-13.981553,25.396457,10.691180,26.579507
2009-07-04T18:09:15.624Z,4.8713764,-335.80340,-3.6084852,-13.172210,27.622291,10.512133,28.284375
2009-07-04T18:09:18.591Z,4.8721856,-336.56536,-3.4859005,-13.522389,26.986825,11.853921,27.980918
2009-07-04T18:09:21.559Z,4.8195922,-336.96954,-2.5469914,-13.140582,24.743966,10.254458,25.639880
2009-07-04T18:09:24.527Z,4.9005099,-335.60010,-2.5442442,-12.569388,27.202365,10.551086,28.831640
2009-07-04T18:09:27.495Z,4.8746134,-335.55314,-2.7872572,-12.675614,27.477975,10.822376,29.067520
2009-07-04T18:09:30.463Z,4.8219933,-337.51382,-2.7255877,-13.457298,24.148569,10.058429,24.980645
2009-07-04T18:09:33.431Z,4.9296694,-337.01995,-1.9968772,-13.125497,24.366686,9.9906668,25.169293
2009-07-04T18:09:36.399Z,4.8770405,-336.11622,-2.7349901,-13.887157,26.014103,10.469095,27.523916
2009-07-04T18:09:39.367Z,4.8511218,-334.64717,-2.5095471,-13.948229,30.254179,10.831041,29.353706
2009-07-04T18:09:42.334Z,4.9855885,-335.79412,-2.7180042,-13.431631,26.843386,10.645111,26.045676
2009-07-04T18:09:45.302Z,5.0131523,-335.63554,-3.0071032,-13.353881,27.122013,10.846482,28.041451
2009-07-04T18:09:48.270Z,4.8802775,-335.20556,-1.1911081,-13.713901,27.566059,11.017278,27.375089
2009-07-04T18:09:51.238Z,4.8810868,-336.52733,-1.6858211,-14.259605,29.788378,10.503148,26.165875
2009-07-04T18:09:54.206Z,4.8818954,-336.33332,-2.4182563,-14.987187,29.331759,11.583135,27.718886
2009-07-04T18:09:57.174Z,4.9629683,-336.04067,-2.5431791,-14.675477,28.064577,10.906661,27.049378
2009-07-04T18:10:00.142Z,4.9637909,-334.71437,-5.4388405,-9.3929195,26.406428,11.183822,26.789889
2009-07-04T18:10:03.109Z,4.8843232,-334.32576,-5.4279138,-9.9234432,28.591478,10.352257,29.226157
2009-07-04T18:10:06.077Z,4.9922038,-333.40109,-8.8962305,-11.458013,28.421270,10.648920,27.877511
2009-07-04T18:10:09.045Z,4.9930308,-334.85506,-8.7752882,-11.828881,27.489102,10.062281,25.490530
2009-07-04T18:10:12.013Z,5.0474112,-334.30289,-9.6665014,-10.889760,27.836488,9.9305895,25.207630
2009-07-04T18:10:14.981Z,4.8607785,-334.23925,-9.6927579,-12.460727,25.651983,10.956484,24.458282
2009-07-04T18:10:17.949Z,4.7812265,-334.53204,-8.5766357,-12.197895,28.816977,10.749616,26.365630
2009-07-04T18:10:20.917Z,4.7552280,-336.22640,-7.9637320,-13.031973,26.159491,11.324643,24.275852
2009-07-04T18:10:23.885Z,4.7560151,-332.67392,-7.2794283,-13.352881,29.795553,10.960383,27.721163
2009-07-04T18:10:26.852Z,4.7836010,-332.78539,-5.0884873,-14.072918,25.845701,10.628242,28.132120
2009-07-04T18:10:29.820Z,4.6235726,-333.08382,-4.1262807,-15.132183,26.283405,12.355804,27.066782
2009-07-04T18:10:32.788Z,4.7047608,-333.11620,-2.8746643,-15.414448,24.299180,13.617440,26.602880
2009-07-04T18:10:35.756Z,4.8127872,-330.23998,2.6266406,-26.177553,28.584299,59.763817,35.070324
2009-07-04T18:10:38.724Z,4.7331333,-329.81618,2.8635854,-26.454932,26.122456,69.199845,32.543428
2009-07-04T18:10:41.692Z,4.8412001,-328.79403,-0.35412331,-26.059789,33.744549,46.785882,38.751881
2009-07-04T18:10:44.660Z,4.7078731,-331.40015,-1.7703911,-17.286166,28.825923,19.916687,26.065216
2009-07-04T18:10:47.628Z,4.7623111,-330.36558,-0.75914480,-21.689142,29.095099,45.006333,29.754348
2009-07-04T18:10:50.595Z,4.6020921,-330.40384,-2.3424489,-22.517417,28.389122,44.306484,32.441561
2009-07-04T18:10:53.563Z,5.0054344,-333.55135,-4.2798811,-14.773656,27.886148,13.361025,27.547217
2009-07-04T18:10:56.531Z,4.9525744,-331.53884,-0.88810985,-19.662522,26.763981,37.019852,29.683625
2009-07-04T18:10:59.499Z,5.1413261,-329.30870,4.4925765,-26.940690,29.251104,81.324638,35.094887
2009-07-04T18:11:02.467Z,5.6255128,-316.27969,17.773441,-51.266737,33.901035,192.11780,51.896255
2009-07-04T18:11:05.435Z,5.4653027,-325.35546,7.4100921,-33.943788,29.591647,103.39619,43.157655
2009-07-04T18:11:08.403Z,5.4124831,-323.32229,7.5836141,-33.714446,34.134335,100.03475,47.554753
2009-07-04T18:11:11.371Z,5.0372611,-329.89265,2.2384571,-21.587763,27.951116,55.085446,32.274246
2009-07-04T18:11:14.338Z,4.9574830,-330.52114,1.5470692,-22.403238,29.005134,54.295989,25.606860
2009-07-04T18:11:17.306Z,5.9526488,-313.77632,29.913575,-56.897494,35.922147,238.43749,39.567955
2009-07-04T18:11:20.274Z,5.9805090,-313.88789,21.850856,-45.126642,32.308366,187.71836,40.026381
2009-07-04T18:11:26.210Z,6.3320205,-305.63603,34.472042,-66.647032,59.124120,253.10295,56.339317
2009-07-04T18:11:32.146Z,5.6885947,-316.32644,14.853084,-49.317933,38.678332,187.59372,51.947881
2009-07-04T18:11:35.114Z,5.2860196,-326.29088,5.6992379,-33.034965,35.424338,107.73551,39.013748
2009-07-04T18:11:38.081Z,6.7397770,-303.61531,36.503664,-74.140713,47.813461,300.73263,48.779106
2009-07-04T18:11:44.017Z,5.6116030,-321.04487,5.9770601,-42.588517,36.011012,136.73807,46.890325
2009-07-04T18:11:46.985Z,6.2047366,-302.12370,27.467412,-73.880654,43.438140,280.09283,58.330225
2009-07-04T18:11:49.953Z,6.0711436,-309.63840,26.340917,-64.111229,43.997402,247.30621,53.934721
